<annotation>
	<folder></folder>
	<filename>abnormal1_jpg.rf.35ac7a146b4fec42df98e320a7166863.jpg</filename>
	<path>abnormal1_jpg.rf.35ac7a146b4fec42df98e320a7166863.jpg</path>
	<source>
		<database>roboflow.com</database>
	</source>
	<size>
		<width>1920</width>
		<height>1080</height>
		<depth>3</depth>
	</size>
	<segmented>0</segmented>
	<object>
		<name>abnormal</name>
		<pose>Unspecified</pose>
		<truncated>0</truncated>
		<difficult>0</difficult>
		<occluded>0</occluded>
		<bndbox>
			<xmin>870</xmin>
			<xmax>1116</xmax>
			<ymin>414</ymin>
			<ymax>639</ymax>
		</bndbox>
	</object>
</annotation>
