<annotation>
	<folder></folder>
	<filename>abnormal5_jpg.rf.abdbff3e26d48680b34ae245d9105228.jpg</filename>
	<path>abnormal5_jpg.rf.abdbff3e26d48680b34ae245d9105228.jpg</path>
	<source>
		<database>roboflow.com</database>
	</source>
	<size>
		<width>1920</width>
		<height>1080</height>
		<depth>3</depth>
	</size>
	<segmented>0</segmented>
	<object>
		<name>abnormal</name>
		<pose>Unspecified</pose>
		<truncated>0</truncated>
		<difficult>0</difficult>
		<occluded>0</occluded>
		<bndbox>
			<xmin>638</xmin>
			<xmax>876</xmax>
			<ymin>309</ymin>
			<ymax>549</ymax>
		</bndbox>
	</object>
</annotation>
