<annotation>
	<folder></folder>
	<filename>abnormal1_jpg.rf.af7f4652aa422af71e12bacb5806ab19.jpg</filename>
	<path>abnormal1_jpg.rf.af7f4652aa422af71e12bacb5806ab19.jpg</path>
	<source>
		<database>roboflow.com</database>
	</source>
	<size>
		<width>1920</width>
		<height>1080</height>
		<depth>3</depth>
	</size>
	<segmented>0</segmented>
	<object>
		<name>abnormal</name>
		<pose>Unspecified</pose>
		<truncated>0</truncated>
		<difficult>0</difficult>
		<occluded>0</occluded>
		<bndbox>
			<xmin>800</xmin>
			<xmax>1057</xmax>
			<ymin>410</ymin>
			<ymax>648</ymax>
		</bndbox>
	</object>
</annotation>
