<annotation>
	<folder></folder>
	<filename>abnormal1_jpg.rf.a7e55d5d85c2dadb4af2d83223131da1.jpg</filename>
	<path>abnormal1_jpg.rf.a7e55d5d85c2dadb4af2d83223131da1.jpg</path>
	<source>
		<database>roboflow.com</database>
	</source>
	<size>
		<width>1920</width>
		<height>1080</height>
		<depth>3</depth>
	</size>
	<segmented>0</segmented>
	<object>
		<name>abnormal</name>
		<pose>Unspecified</pose>
		<truncated>0</truncated>
		<difficult>0</difficult>
		<occluded>0</occluded>
		<bndbox>
			<xmin>787</xmin>
			<xmax>1068</xmax>
			<ymin>401</ymin>
			<ymax>665</ymax>
		</bndbox>
	</object>
</annotation>
