<annotation>
	<folder></folder>
	<filename>abnormal3_jpg.rf.892be4d94ba75146602c477c4938dad3.jpg</filename>
	<path>abnormal3_jpg.rf.892be4d94ba75146602c477c4938dad3.jpg</path>
	<source>
		<database>roboflow.com</database>
	</source>
	<size>
		<width>1920</width>
		<height>1080</height>
		<depth>3</depth>
	</size>
	<segmented>0</segmented>
	<object>
		<name>abnormal</name>
		<pose>Unspecified</pose>
		<truncated>0</truncated>
		<difficult>0</difficult>
		<occluded>0</occluded>
		<bndbox>
			<xmin>824</xmin>
			<xmax>1079</xmax>
			<ymin>363</ymin>
			<ymax>611</ymax>
		</bndbox>
	</object>
</annotation>
