<annotation>
	<folder></folder>
	<filename>abnormal4_jpg.rf.1824add0607c757fcaabc6728d9c6bf2.jpg</filename>
	<path>abnormal4_jpg.rf.1824add0607c757fcaabc6728d9c6bf2.jpg</path>
	<source>
		<database>roboflow.com</database>
	</source>
	<size>
		<width>1920</width>
		<height>1080</height>
		<depth>3</depth>
	</size>
	<segmented>0</segmented>
	<object>
		<name>abnormal</name>
		<pose>Unspecified</pose>
		<truncated>0</truncated>
		<difficult>0</difficult>
		<occluded>0</occluded>
		<bndbox>
			<xmin>833</xmin>
			<xmax>1054</xmax>
			<ymin>524</ymin>
			<ymax>751</ymax>
		</bndbox>
	</object>
</annotation>
