<annotation>
	<folder></folder>
	<filename>abnormal2_jpg.rf.934d9d8f036f617ce38fd623c6e7f337.jpg</filename>
	<path>abnormal2_jpg.rf.934d9d8f036f617ce38fd623c6e7f337.jpg</path>
	<source>
		<database>roboflow.com</database>
	</source>
	<size>
		<width>1920</width>
		<height>1080</height>
		<depth>3</depth>
	</size>
	<segmented>0</segmented>
	<object>
		<name>abnormal</name>
		<pose>Unspecified</pose>
		<truncated>0</truncated>
		<difficult>0</difficult>
		<occluded>0</occluded>
		<bndbox>
			<xmin>707</xmin>
			<xmax>966</xmax>
			<ymin>419</ymin>
			<ymax>676</ymax>
		</bndbox>
	</object>
</annotation>
