<annotation>
	<folder></folder>
	<filename>abnormal1_jpg.rf.4a83c96721c001ce49fc992a626bbc97.jpg</filename>
	<path>abnormal1_jpg.rf.4a83c96721c001ce49fc992a626bbc97.jpg</path>
	<source>
		<database>roboflow.com</database>
	</source>
	<size>
		<width>1920</width>
		<height>1080</height>
		<depth>3</depth>
	</size>
	<segmented>0</segmented>
	<object>
		<name>abnormal</name>
		<pose>Unspecified</pose>
		<truncated>0</truncated>
		<difficult>0</difficult>
		<occluded>0</occluded>
		<bndbox>
			<xmin>806</xmin>
			<xmax>1052</xmax>
			<ymin>414</ymin>
			<ymax>639</ymax>
		</bndbox>
	</object>
</annotation>
