<annotation>
	<folder></folder>
	<filename>abnormal5_jpg.rf.43cbceb329865b77c4b5d900026311d5.jpg</filename>
	<path>abnormal5_jpg.rf.43cbceb329865b77c4b5d900026311d5.jpg</path>
	<source>
		<database>roboflow.com</database>
	</source>
	<size>
		<width>1920</width>
		<height>1080</height>
		<depth>3</depth>
	</size>
	<segmented>0</segmented>
	<object>
		<name>abnormal</name>
		<pose>Unspecified</pose>
		<truncated>0</truncated>
		<difficult>0</difficult>
		<occluded>0</occluded>
		<bndbox>
			<xmin>639</xmin>
			<xmax>896</xmax>
			<ymin>282</ymin>
			<ymax>541</ymax>
		</bndbox>
	</object>
</annotation>
