<annotation>
	<folder></folder>
	<filename>abnormal1_jpg.rf.2a23f2a4ca431ea4cac4dcbc351127f7.jpg</filename>
	<path>abnormal1_jpg.rf.2a23f2a4ca431ea4cac4dcbc351127f7.jpg</path>
	<source>
		<database>roboflow.com</database>
	</source>
	<size>
		<width>1920</width>
		<height>1080</height>
		<depth>3</depth>
	</size>
	<segmented>0</segmented>
	<object>
		<name>abnormal</name>
		<pose>Unspecified</pose>
		<truncated>0</truncated>
		<difficult>0</difficult>
		<occluded>0</occluded>
		<bndbox>
			<xmin>794</xmin>
			<xmax>1069</xmax>
			<ymin>394</ymin>
			<ymax>651</ymax>
		</bndbox>
	</object>
</annotation>
