<annotation>
	<folder></folder>
	<filename>abnormal2_jpg.rf.e2077de4bbff758e63ba39a886a5113c.jpg</filename>
	<path>abnormal2_jpg.rf.e2077de4bbff758e63ba39a886a5113c.jpg</path>
	<source>
		<database>roboflow.com</database>
	</source>
	<size>
		<width>1920</width>
		<height>1080</height>
		<depth>3</depth>
	</size>
	<segmented>0</segmented>
	<object>
		<name>abnormal</name>
		<pose>Unspecified</pose>
		<truncated>0</truncated>
		<difficult>0</difficult>
		<occluded>0</occluded>
		<bndbox>
			<xmin>729</xmin>
			<xmax>946</xmax>
			<ymin>456</ymin>
			<ymax>669</ymax>
		</bndbox>
	</object>
</annotation>
