<annotation>
	<folder></folder>
	<filename>abnormal1_jpg.rf.59e134f2ffab9c565836a9329136f157.jpg</filename>
	<path>abnormal1_jpg.rf.59e134f2ffab9c565836a9329136f157.jpg</path>
	<source>
		<database>roboflow.com</database>
	</source>
	<size>
		<width>1920</width>
		<height>1080</height>
		<depth>3</depth>
	</size>
	<segmented>0</segmented>
	<object>
		<name>abnormal</name>
		<pose>Unspecified</pose>
		<truncated>0</truncated>
		<difficult>0</difficult>
		<occluded>0</occluded>
		<bndbox>
			<xmin>804</xmin>
			<xmax>1054</xmax>
			<ymin>412</ymin>
			<ymax>641</ymax>
		</bndbox>
	</object>
</annotation>
