<annotation>
	<folder></folder>
	<filename>abnormal3_jpg.rf.365774b4c0822b25c698b62c82eb7c13.jpg</filename>
	<path>abnormal3_jpg.rf.365774b4c0822b25c698b62c82eb7c13.jpg</path>
	<source>
		<database>roboflow.com</database>
	</source>
	<size>
		<width>1920</width>
		<height>1080</height>
		<depth>3</depth>
	</size>
	<segmented>0</segmented>
	<object>
		<name>abnormal</name>
		<pose>Unspecified</pose>
		<truncated>0</truncated>
		<difficult>0</difficult>
		<occluded>0</occluded>
		<bndbox>
			<xmin>798</xmin>
			<xmax>1082</xmax>
			<ymin>351</ymin>
			<ymax>629</ymax>
		</bndbox>
	</object>
</annotation>
