<annotation>
	<folder></folder>
	<filename>abnormal5_jpg.rf.a92c39dbb31c1024b43c355814489a27.jpg</filename>
	<path>abnormal5_jpg.rf.a92c39dbb31c1024b43c355814489a27.jpg</path>
	<source>
		<database>roboflow.com</database>
	</source>
	<size>
		<width>1920</width>
		<height>1080</height>
		<depth>3</depth>
	</size>
	<segmented>0</segmented>
	<object>
		<name>abnormal</name>
		<pose>Unspecified</pose>
		<truncated>0</truncated>
		<difficult>0</difficult>
		<occluded>0</occluded>
		<bndbox>
			<xmin>1054</xmin>
			<xmax>1284</xmax>
			<ymin>530</ymin>
			<ymax>763</ymax>
		</bndbox>
	</object>
</annotation>
