<annotation>
	<folder></folder>
	<filename>abnormal2_jpg.rf.990d9ae3ffb8a44090a8a5f6a66fb182.jpg</filename>
	<path>abnormal2_jpg.rf.990d9ae3ffb8a44090a8a5f6a66fb182.jpg</path>
	<source>
		<database>roboflow.com</database>
	</source>
	<size>
		<width>1920</width>
		<height>1080</height>
		<depth>3</depth>
	</size>
	<segmented>0</segmented>
	<object>
		<name>abnormal</name>
		<pose>Unspecified</pose>
		<truncated>0</truncated>
		<difficult>0</difficult>
		<occluded>0</occluded>
		<bndbox>
			<xmin>717</xmin>
			<xmax>955</xmax>
			<ymin>415</ymin>
			<ymax>650</ymax>
		</bndbox>
	</object>
</annotation>
