<annotation>
	<folder></folder>
	<filename>abnormal3_jpg.rf.9e7de98f001a1539771360b6c0a4e34d.jpg</filename>
	<path>abnormal3_jpg.rf.9e7de98f001a1539771360b6c0a4e34d.jpg</path>
	<source>
		<database>roboflow.com</database>
	</source>
	<size>
		<width>1920</width>
		<height>1080</height>
		<depth>3</depth>
	</size>
	<segmented>0</segmented>
	<object>
		<name>abnormal</name>
		<pose>Unspecified</pose>
		<truncated>0</truncated>
		<difficult>0</difficult>
		<occluded>0</occluded>
		<bndbox>
			<xmin>825</xmin>
			<xmax>1076</xmax>
			<ymin>366</ymin>
			<ymax>609</ymax>
		</bndbox>
	</object>
</annotation>
