<annotation>
	<folder></folder>
	<filename>abnormal1_jpg.rf.d3ea5566476b56a6758b6f0e008107df.jpg</filename>
	<path>abnormal1_jpg.rf.d3ea5566476b56a6758b6f0e008107df.jpg</path>
	<source>
		<database>roboflow.com</database>
	</source>
	<size>
		<width>1920</width>
		<height>1080</height>
		<depth>3</depth>
	</size>
	<segmented>0</segmented>
	<object>
		<name>abnormal</name>
		<pose>Unspecified</pose>
		<truncated>0</truncated>
		<difficult>0</difficult>
		<occluded>0</occluded>
		<bndbox>
			<xmin>788</xmin>
			<xmax>1066</xmax>
			<ymin>402</ymin>
			<ymax>663</ymax>
		</bndbox>
	</object>
</annotation>
