<annotation>
	<folder></folder>
	<filename>abnormal4_jpg.rf.239614e1ba8bdeadf1c0fabb6600068c.jpg</filename>
	<path>abnormal4_jpg.rf.239614e1ba8bdeadf1c0fabb6600068c.jpg</path>
	<source>
		<database>roboflow.com</database>
	</source>
	<size>
		<width>1920</width>
		<height>1080</height>
		<depth>3</depth>
	</size>
	<segmented>0</segmented>
	<object>
		<name>abnormal</name>
		<pose>Unspecified</pose>
		<truncated>0</truncated>
		<difficult>0</difficult>
		<occluded>0</occluded>
		<bndbox>
			<xmin>829</xmin>
			<xmax>1055</xmax>
			<ymin>330</ymin>
			<ymax>561</ymax>
		</bndbox>
	</object>
</annotation>
