<annotation>
	<folder></folder>
	<filename>abnormal5_jpg.rf.1a20e05f99d544db7a9205275d889249.jpg</filename>
	<path>abnormal5_jpg.rf.1a20e05f99d544db7a9205275d889249.jpg</path>
	<source>
		<database>roboflow.com</database>
	</source>
	<size>
		<width>1920</width>
		<height>1080</height>
		<depth>3</depth>
	</size>
	<segmented>0</segmented>
	<object>
		<name>abnormal</name>
		<pose>Unspecified</pose>
		<truncated>0</truncated>
		<difficult>0</difficult>
		<occluded>0</occluded>
		<bndbox>
			<xmin>627</xmin>
			<xmax>869</xmax>
			<ymin>325</ymin>
			<ymax>569</ymax>
		</bndbox>
	</object>
</annotation>
