<annotation>
	<folder></folder>
	<filename>abnormal4_jpg.rf.1445d40c7bdaf80c2e00d9d80cd18360.jpg</filename>
	<path>abnormal4_jpg.rf.1445d40c7bdaf80c2e00d9d80cd18360.jpg</path>
	<source>
		<database>roboflow.com</database>
	</source>
	<size>
		<width>1920</width>
		<height>1080</height>
		<depth>3</depth>
	</size>
	<segmented>0</segmented>
	<object>
		<name>abnormal</name>
		<pose>Unspecified</pose>
		<truncated>0</truncated>
		<difficult>0</difficult>
		<occluded>0</occluded>
		<bndbox>
			<xmin>832</xmin>
			<xmax>1087</xmax>
			<ymin>314</ymin>
			<ymax>573</ymax>
		</bndbox>
	</object>
</annotation>
