<annotation>
	<folder></folder>
	<filename>abnormal3_jpg.rf.852213261c0a606c57854885decc4c4f.jpg</filename>
	<path>abnormal3_jpg.rf.852213261c0a606c57854885decc4c4f.jpg</path>
	<source>
		<database>roboflow.com</database>
	</source>
	<size>
		<width>1920</width>
		<height>1080</height>
		<depth>3</depth>
	</size>
	<segmented>0</segmented>
	<object>
		<name>abnormal</name>
		<pose>Unspecified</pose>
		<truncated>0</truncated>
		<difficult>0</difficult>
		<occluded>0</occluded>
		<bndbox>
			<xmin>817</xmin>
			<xmax>1101</xmax>
			<ymin>347</ymin>
			<ymax>625</ymax>
		</bndbox>
	</object>
</annotation>
