<annotation>
	<folder></folder>
	<filename>abnormal2_jpg.rf.2499de4064ffc7ae3f3aee3e70bfd35b.jpg</filename>
	<path>abnormal2_jpg.rf.2499de4064ffc7ae3f3aee3e70bfd35b.jpg</path>
	<source>
		<database>roboflow.com</database>
	</source>
	<size>
		<width>1920</width>
		<height>1080</height>
		<depth>3</depth>
	</size>
	<segmented>0</segmented>
	<object>
		<name>abnormal</name>
		<pose>Unspecified</pose>
		<truncated>0</truncated>
		<difficult>0</difficult>
		<occluded>0</occluded>
		<bndbox>
			<xmin>728</xmin>
			<xmax>948</xmax>
			<ymin>409</ymin>
			<ymax>626</ymax>
		</bndbox>
	</object>
</annotation>
