<annotation>
	<folder></folder>
	<filename>abnormal3_jpg.rf.acf157202f94bb5392356b289f9f0fe7.jpg</filename>
	<path>abnormal3_jpg.rf.acf157202f94bb5392356b289f9f0fe7.jpg</path>
	<source>
		<database>roboflow.com</database>
	</source>
	<size>
		<width>1920</width>
		<height>1080</height>
		<depth>3</depth>
	</size>
	<segmented>0</segmented>
	<object>
		<name>abnormal</name>
		<pose>Unspecified</pose>
		<truncated>0</truncated>
		<difficult>0</difficult>
		<occluded>0</occluded>
		<bndbox>
			<xmin>791</xmin>
			<xmax>1085</xmax>
			<ymin>347</ymin>
			<ymax>636</ymax>
		</bndbox>
	</object>
</annotation>
