<annotation>
	<folder></folder>
	<filename>abnormal5_jpg.rf.c79533737209619f883df2556aa036aa.jpg</filename>
	<path>abnormal5_jpg.rf.c79533737209619f883df2556aa036aa.jpg</path>
	<source>
		<database>roboflow.com</database>
	</source>
	<size>
		<width>1920</width>
		<height>1080</height>
		<depth>3</depth>
	</size>
	<segmented>0</segmented>
	<object>
		<name>abnormal</name>
		<pose>Unspecified</pose>
		<truncated>0</truncated>
		<difficult>0</difficult>
		<occluded>0</occluded>
		<bndbox>
			<xmin>630</xmin>
			<xmax>868</xmax>
			<ymin>323</ymin>
			<ymax>563</ymax>
		</bndbox>
	</object>
</annotation>
