<annotation>
	<folder></folder>
	<filename>abnormal1_jpg.rf.76c753694f937ddd4818a7891c1d884a.jpg</filename>
	<path>abnormal1_jpg.rf.76c753694f937ddd4818a7891c1d884a.jpg</path>
	<source>
		<database>roboflow.com</database>
	</source>
	<size>
		<width>1920</width>
		<height>1080</height>
		<depth>3</depth>
	</size>
	<segmented>0</segmented>
	<object>
		<name>abnormal</name>
		<pose>Unspecified</pose>
		<truncated>0</truncated>
		<difficult>0</difficult>
		<occluded>0</occluded>
		<bndbox>
			<xmin>785</xmin>
			<xmax>1069</xmax>
			<ymin>399</ymin>
			<ymax>667</ymax>
		</bndbox>
	</object>
</annotation>
