<annotation>
	<folder></folder>
	<filename>abnormal5_jpg.rf.0e90c9440547a21bea4efc21422280b3.jpg</filename>
	<path>abnormal5_jpg.rf.0e90c9440547a21bea4efc21422280b3.jpg</path>
	<source>
		<database>roboflow.com</database>
	</source>
	<size>
		<width>1920</width>
		<height>1080</height>
		<depth>3</depth>
	</size>
	<segmented>0</segmented>
	<object>
		<name>abnormal</name>
		<pose>Unspecified</pose>
		<truncated>0</truncated>
		<difficult>0</difficult>
		<occluded>0</occluded>
		<bndbox>
			<xmin>592</xmin>
			<xmax>874</xmax>
			<ymin>351</ymin>
			<ymax>635</ymax>
		</bndbox>
	</object>
</annotation>
