<annotation>
	<folder></folder>
	<filename>normal12_jpg.rf.51a8fc9295029b52e62f4dbe683e9988.jpg</filename>
	<path>normal12_jpg.rf.51a8fc9295029b52e62f4dbe683e9988.jpg</path>
	<source>
		<database>roboflow.com</database>
	</source>
	<size>
		<width>1920</width>
		<height>1080</height>
		<depth>3</depth>
	</size>
	<segmented>0</segmented>
	<object>
		<name>abnormal</name>
		<pose>Unspecified</pose>
		<truncated>0</truncated>
		<difficult>0</difficult>
		<occluded>0</occluded>
		<bndbox>
			<xmin>776</xmin>
			<xmax>1002</xmax>
			<ymin>349</ymin>
			<ymax>575</ymax>
		</bndbox>
	</object>
</annotation>
