<annotation>
	<folder></folder>
	<filename>normal34_jpg.rf.7149e46319cdc065550756e84467342b.jpg</filename>
	<path>normal34_jpg.rf.7149e46319cdc065550756e84467342b.jpg</path>
	<source>
		<database>roboflow.com</database>
	</source>
	<size>
		<width>1920</width>
		<height>1080</height>
		<depth>3</depth>
	</size>
	<segmented>0</segmented>
	<object>
		<name>normal</name>
		<pose>Unspecified</pose>
		<truncated>0</truncated>
		<difficult>0</difficult>
		<occluded>0</occluded>
		<bndbox>
			<xmin>956</xmin>
			<xmax>1177</xmax>
			<ymin>443</ymin>
			<ymax>658</ymax>
		</bndbox>
	</object>
</annotation>
