<annotation>
	<folder></folder>
	<filename>normal11_jpg.rf.38cdd57748b14a70b64c093aae848044.jpg</filename>
	<path>normal11_jpg.rf.38cdd57748b14a70b64c093aae848044.jpg</path>
	<source>
		<database>roboflow.com</database>
	</source>
	<size>
		<width>1920</width>
		<height>1080</height>
		<depth>3</depth>
	</size>
	<segmented>0</segmented>
	<object>
		<name>normal</name>
		<pose>Unspecified</pose>
		<truncated>0</truncated>
		<difficult>0</difficult>
		<occluded>0</occluded>
		<bndbox>
			<xmin>726</xmin>
			<xmax>946</xmax>
			<ymin>318</ymin>
			<ymax>518</ymax>
		</bndbox>
	</object>
</annotation>
