<annotation>
	<folder></folder>
	<filename>normal14_jpg.rf.2c9abbea5f7e768524717068437594b8.jpg</filename>
	<path>normal14_jpg.rf.2c9abbea5f7e768524717068437594b8.jpg</path>
	<source>
		<database>roboflow.com</database>
	</source>
	<size>
		<width>1920</width>
		<height>1080</height>
		<depth>3</depth>
	</size>
	<segmented>0</segmented>
	<object>
		<name>normal</name>
		<pose>Unspecified</pose>
		<truncated>0</truncated>
		<difficult>0</difficult>
		<occluded>0</occluded>
		<bndbox>
			<xmin>757</xmin>
			<xmax>977</xmax>
			<ymin>78</ymin>
			<ymax>316</ymax>
		</bndbox>
	</object>
</annotation>
