<annotation>
	<folder></folder>
	<filename>normal8_jpg.rf.97b229dd60ff230ff36b0afc3ada7663.jpg</filename>
	<path>normal8_jpg.rf.97b229dd60ff230ff36b0afc3ada7663.jpg</path>
	<source>
		<database>roboflow.com</database>
	</source>
	<size>
		<width>1920</width>
		<height>1080</height>
		<depth>3</depth>
	</size>
	<segmented>0</segmented>
	<object>
		<name>abnormal</name>
		<pose>Unspecified</pose>
		<truncated>0</truncated>
		<difficult>0</difficult>
		<occluded>0</occluded>
		<bndbox>
			<xmin>723</xmin>
			<xmax>975</xmax>
			<ymin>311</ymin>
			<ymax>561</ymax>
		</bndbox>
	</object>
</annotation>
