<annotation>
	<folder></folder>
	<filename>normal31_jpg.rf.392305d43d482e9094c90069c3481374.jpg</filename>
	<path>normal31_jpg.rf.392305d43d482e9094c90069c3481374.jpg</path>
	<source>
		<database>roboflow.com</database>
	</source>
	<size>
		<width>1920</width>
		<height>1080</height>
		<depth>3</depth>
	</size>
	<segmented>0</segmented>
	<object>
		<name>normal</name>
		<pose>Unspecified</pose>
		<truncated>0</truncated>
		<difficult>0</difficult>
		<occluded>0</occluded>
		<bndbox>
			<xmin>693</xmin>
			<xmax>922</xmax>
			<ymin>191</ymin>
			<ymax>424</ymax>
		</bndbox>
	</object>
</annotation>
