<annotation>
	<folder></folder>
	<filename>normal23_jpg.rf.6d6cd4e4d3d3bbaacbaed7510643b11e.jpg</filename>
	<path>normal23_jpg.rf.6d6cd4e4d3d3bbaacbaed7510643b11e.jpg</path>
	<source>
		<database>roboflow.com</database>
	</source>
	<size>
		<width>1920</width>
		<height>1080</height>
		<depth>3</depth>
	</size>
	<segmented>0</segmented>
	<object>
		<name>abnormal</name>
		<pose>Unspecified</pose>
		<truncated>0</truncated>
		<difficult>0</difficult>
		<occluded>0</occluded>
		<bndbox>
			<xmin>832</xmin>
			<xmax>1133</xmax>
			<ymin>261</ymin>
			<ymax>552</ymax>
		</bndbox>
	</object>
</annotation>
