<annotation>
	<folder></folder>
	<filename>normal9_jpg.rf.a5cdd8018fe7818d34d885a1cb455f18.jpg</filename>
	<path>normal9_jpg.rf.a5cdd8018fe7818d34d885a1cb455f18.jpg</path>
	<source>
		<database>roboflow.com</database>
	</source>
	<size>
		<width>1920</width>
		<height>1080</height>
		<depth>3</depth>
	</size>
	<segmented>0</segmented>
	<object>
		<name>abnormal</name>
		<pose>Unspecified</pose>
		<truncated>0</truncated>
		<difficult>0</difficult>
		<occluded>0</occluded>
		<bndbox>
			<xmin>680</xmin>
			<xmax>963</xmax>
			<ymin>332</ymin>
			<ymax>605</ymax>
		</bndbox>
	</object>
</annotation>
