<annotation>
	<folder></folder>
	<filename>normal19_jpg.rf.4c150da56e6800c867fdcf9096d6eccc.jpg</filename>
	<path>normal19_jpg.rf.4c150da56e6800c867fdcf9096d6eccc.jpg</path>
	<source>
		<database>roboflow.com</database>
	</source>
	<size>
		<width>1920</width>
		<height>1080</height>
		<depth>3</depth>
	</size>
	<segmented>0</segmented>
	<object>
		<name>abnormal</name>
		<pose>Unspecified</pose>
		<truncated>0</truncated>
		<difficult>0</difficult>
		<occluded>0</occluded>
		<bndbox>
			<xmin>788</xmin>
			<xmax>1032</xmax>
			<ymin>340</ymin>
			<ymax>559</ymax>
		</bndbox>
	</object>
</annotation>
