<annotation>
	<folder></folder>
	<filename>normal1_jpg.rf.d89a19f9ac91e5e30edfa3a946fa694a.jpg</filename>
	<path>normal1_jpg.rf.d89a19f9ac91e5e30edfa3a946fa694a.jpg</path>
	<source>
		<database>roboflow.com</database>
	</source>
	<size>
		<width>1920</width>
		<height>1080</height>
		<depth>3</depth>
	</size>
	<segmented>0</segmented>
	<object>
		<name>abnormal</name>
		<pose>Unspecified</pose>
		<truncated>0</truncated>
		<difficult>0</difficult>
		<occluded>0</occluded>
		<bndbox>
			<xmin>612</xmin>
			<xmax>943</xmax>
			<ymin>325</ymin>
			<ymax>601</ymax>
		</bndbox>
	</object>
</annotation>
