<annotation>
	<folder></folder>
	<filename>normal15_jpg.rf.d5a21fc62448d27e4cb927028484eae4.jpg</filename>
	<path>normal15_jpg.rf.d5a21fc62448d27e4cb927028484eae4.jpg</path>
	<source>
		<database>roboflow.com</database>
	</source>
	<size>
		<width>1920</width>
		<height>1080</height>
		<depth>3</depth>
	</size>
	<segmented>0</segmented>
	<object>
		<name>normal</name>
		<pose>Unspecified</pose>
		<truncated>0</truncated>
		<difficult>0</difficult>
		<occluded>0</occluded>
		<bndbox>
			<xmin>802</xmin>
			<xmax>1031</xmax>
			<ymin>504</ymin>
			<ymax>731</ymax>
		</bndbox>
	</object>
</annotation>
