<annotation>
	<folder></folder>
	<filename>normal5_jpg.rf.6865465f3b85ab7cf976926d6018dd85.jpg</filename>
	<path>normal5_jpg.rf.6865465f3b85ab7cf976926d6018dd85.jpg</path>
	<source>
		<database>roboflow.com</database>
	</source>
	<size>
		<width>1920</width>
		<height>1080</height>
		<depth>3</depth>
	</size>
	<segmented>0</segmented>
	<object>
		<name>normal</name>
		<pose>Unspecified</pose>
		<truncated>0</truncated>
		<difficult>0</difficult>
		<occluded>0</occluded>
		<bndbox>
			<xmin>855</xmin>
			<xmax>1108</xmax>
			<ymin>294</ymin>
			<ymax>544</ymax>
		</bndbox>
	</object>
</annotation>
