<annotation>
	<folder></folder>
	<filename>normal7_jpg.rf.939551fdb2fe725a91ca27fdddc9df79.jpg</filename>
	<path>normal7_jpg.rf.939551fdb2fe725a91ca27fdddc9df79.jpg</path>
	<source>
		<database>roboflow.com</database>
	</source>
	<size>
		<width>1920</width>
		<height>1080</height>
		<depth>3</depth>
	</size>
	<segmented>0</segmented>
	<object>
		<name>normal</name>
		<pose>Unspecified</pose>
		<truncated>0</truncated>
		<difficult>0</difficult>
		<occluded>0</occluded>
		<bndbox>
			<xmin>832</xmin>
			<xmax>1039</xmax>
			<ymin>555</ymin>
			<ymax>778</ymax>
		</bndbox>
	</object>
</annotation>
