<annotation>
	<folder></folder>
	<filename>normal20_jpg.rf.29e3f43b957dd80e3d9a5c26bea58238.jpg</filename>
	<path>normal20_jpg.rf.29e3f43b957dd80e3d9a5c26bea58238.jpg</path>
	<source>
		<database>roboflow.com</database>
	</source>
	<size>
		<width>1920</width>
		<height>1080</height>
		<depth>3</depth>
	</size>
	<segmented>0</segmented>
	<object>
		<name>abnormal</name>
		<pose>Unspecified</pose>
		<truncated>0</truncated>
		<difficult>0</difficult>
		<occluded>0</occluded>
		<bndbox>
			<xmin>702</xmin>
			<xmax>944</xmax>
			<ymin>268</ymin>
			<ymax>525</ymax>
		</bndbox>
	</object>
</annotation>
