<annotation>
	<folder></folder>
	<filename>normal17_jpg.rf.a9b4755a7fbad691a808631adcd6c611.jpg</filename>
	<path>normal17_jpg.rf.a9b4755a7fbad691a808631adcd6c611.jpg</path>
	<source>
		<database>roboflow.com</database>
	</source>
	<size>
		<width>1920</width>
		<height>1080</height>
		<depth>3</depth>
	</size>
	<segmented>0</segmented>
	<object>
		<name>normal</name>
		<pose>Unspecified</pose>
		<truncated>0</truncated>
		<difficult>0</difficult>
		<occluded>0</occluded>
		<bndbox>
			<xmin>879</xmin>
			<xmax>1099</xmax>
			<ymin>342</ymin>
			<ymax>567</ymax>
		</bndbox>
	</object>
</annotation>
