<annotation>
	<folder></folder>
	<filename>normal25_jpg.rf.1355764b21b0c13cb077cf420a03971d.jpg</filename>
	<path>normal25_jpg.rf.1355764b21b0c13cb077cf420a03971d.jpg</path>
	<source>
		<database>roboflow.com</database>
	</source>
	<size>
		<width>1920</width>
		<height>1080</height>
		<depth>3</depth>
	</size>
	<segmented>0</segmented>
	<object>
		<name>abnormal</name>
		<pose>Unspecified</pose>
		<truncated>0</truncated>
		<difficult>0</difficult>
		<occluded>0</occluded>
		<bndbox>
			<xmin>814</xmin>
			<xmax>1040</xmax>
			<ymin>318</ymin>
			<ymax>542</ymax>
		</bndbox>
	</object>
</annotation>
