<annotation>
	<folder></folder>
	<filename>normal4_jpg.rf.b415afc1aef8470b9ab08d1f5767579c.jpg</filename>
	<path>normal4_jpg.rf.b415afc1aef8470b9ab08d1f5767579c.jpg</path>
	<source>
		<database>roboflow.com</database>
	</source>
	<size>
		<width>1920</width>
		<height>1080</height>
		<depth>3</depth>
	</size>
	<segmented>0</segmented>
	<object>
		<name>abnormal</name>
		<pose>Unspecified</pose>
		<truncated>0</truncated>
		<difficult>0</difficult>
		<occluded>0</occluded>
		<bndbox>
			<xmin>753</xmin>
			<xmax>1011</xmax>
			<ymin>303</ymin>
			<ymax>553</ymax>
		</bndbox>
	</object>
</annotation>
