<annotation>
	<folder></folder>
	<filename>normal22_jpg.rf.7f073b6bafb85bb24b280f5886d525d1.jpg</filename>
	<path>normal22_jpg.rf.7f073b6bafb85bb24b280f5886d525d1.jpg</path>
	<source>
		<database>roboflow.com</database>
	</source>
	<size>
		<width>1920</width>
		<height>1080</height>
		<depth>3</depth>
	</size>
	<segmented>0</segmented>
	<object>
		<name>normal</name>
		<pose>Unspecified</pose>
		<truncated>0</truncated>
		<difficult>0</difficult>
		<occluded>0</occluded>
		<bndbox>
			<xmin>954</xmin>
			<xmax>1204</xmax>
			<ymin>295</ymin>
			<ymax>537</ymax>
		</bndbox>
	</object>
</annotation>
