<annotation>
	<folder></folder>
	<filename>normal2_jpg.rf.d26333fdc8926f09100a667d35201f39.jpg</filename>
	<path>normal2_jpg.rf.d26333fdc8926f09100a667d35201f39.jpg</path>
	<source>
		<database>roboflow.com</database>
	</source>
	<size>
		<width>1920</width>
		<height>1080</height>
		<depth>3</depth>
	</size>
	<segmented>0</segmented>
	<object>
		<name>normal</name>
		<pose>Unspecified</pose>
		<truncated>0</truncated>
		<difficult>0</difficult>
		<occluded>0</occluded>
		<bndbox>
			<xmin>452</xmin>
			<xmax>711</xmax>
			<ymin>418</ymin>
			<ymax>647</ymax>
		</bndbox>
	</object>
</annotation>
