<annotation>
	<folder></folder>
	<filename>normal9_jpg.rf.7f2928204a44b628f6d289388b32749c.jpg</filename>
	<path>normal9_jpg.rf.7f2928204a44b628f6d289388b32749c.jpg</path>
	<source>
		<database>roboflow.com</database>
	</source>
	<size>
		<width>1920</width>
		<height>1080</height>
		<depth>3</depth>
	</size>
	<segmented>0</segmented>
	<object>
		<name>normal</name>
		<pose>Unspecified</pose>
		<truncated>0</truncated>
		<difficult>0</difficult>
		<occluded>0</occluded>
		<bndbox>
			<xmin>609</xmin>
			<xmax>852</xmax>
			<ymin>459</ymin>
			<ymax>689</ymax>
		</bndbox>
	</object>
</annotation>
