<annotation>
	<folder></folder>
	<filename>normal15_jpg.rf.2bef8dadf7097792875057251542a9eb.jpg</filename>
	<path>normal15_jpg.rf.2bef8dadf7097792875057251542a9eb.jpg</path>
	<source>
		<database>roboflow.com</database>
	</source>
	<size>
		<width>1920</width>
		<height>1080</height>
		<depth>3</depth>
	</size>
	<segmented>0</segmented>
	<object>
		<name>normal</name>
		<pose>Unspecified</pose>
		<truncated>0</truncated>
		<difficult>0</difficult>
		<occluded>0</occluded>
		<bndbox>
			<xmin>888</xmin>
			<xmax>1121</xmax>
			<ymin>348</ymin>
			<ymax>579</ymax>
		</bndbox>
	</object>
</annotation>
