<annotation>
	<folder></folder>
	<filename>normal26_jpg.rf.1b297f3286a981a35996122b2f9983d3.jpg</filename>
	<path>normal26_jpg.rf.1b297f3286a981a35996122b2f9983d3.jpg</path>
	<source>
		<database>roboflow.com</database>
	</source>
	<size>
		<width>1920</width>
		<height>1080</height>
		<depth>3</depth>
	</size>
	<segmented>0</segmented>
	<object>
		<name>normal</name>
		<pose>Unspecified</pose>
		<truncated>0</truncated>
		<difficult>0</difficult>
		<occluded>0</occluded>
		<bndbox>
			<xmin>1008</xmin>
			<xmax>1265</xmax>
			<ymin>345</ymin>
			<ymax>597</ymax>
		</bndbox>
	</object>
</annotation>
