<annotation>
	<folder></folder>
	<filename>normal1_jpg.rf.788fa84f378fe90c484f364fe7e2fe5b.jpg</filename>
	<path>normal1_jpg.rf.788fa84f378fe90c484f364fe7e2fe5b.jpg</path>
	<source>
		<database>roboflow.com</database>
	</source>
	<size>
		<width>1920</width>
		<height>1080</height>
		<depth>3</depth>
	</size>
	<segmented>0</segmented>
	<object>
		<name>abnormal</name>
		<pose>Unspecified</pose>
		<truncated>0</truncated>
		<difficult>0</difficult>
		<occluded>0</occluded>
		<bndbox>
			<xmin>633</xmin>
			<xmax>941</xmax>
			<ymin>322</ymin>
			<ymax>568</ymax>
		</bndbox>
	</object>
</annotation>
