<annotation>
	<folder></folder>
	<filename>normal21_jpg.rf.79747832ddb2f40f1c50aec72461ea60.jpg</filename>
	<path>normal21_jpg.rf.79747832ddb2f40f1c50aec72461ea60.jpg</path>
	<source>
		<database>roboflow.com</database>
	</source>
	<size>
		<width>1920</width>
		<height>1080</height>
		<depth>3</depth>
	</size>
	<segmented>0</segmented>
	<object>
		<name>abnormal</name>
		<pose>Unspecified</pose>
		<truncated>0</truncated>
		<difficult>0</difficult>
		<occluded>0</occluded>
		<bndbox>
			<xmin>692</xmin>
			<xmax>930</xmax>
			<ymin>315</ymin>
			<ymax>540</ymax>
		</bndbox>
	</object>
</annotation>
