<annotation>
	<folder></folder>
	<filename>normal9_jpg.rf.d7e209ba85e1cc5156b5fa4c4ba534bc.jpg</filename>
	<path>normal9_jpg.rf.d7e209ba85e1cc5156b5fa4c4ba534bc.jpg</path>
	<source>
		<database>roboflow.com</database>
	</source>
	<size>
		<width>1920</width>
		<height>1080</height>
		<depth>3</depth>
	</size>
	<segmented>0</segmented>
	<object>
		<name>normal</name>
		<pose>Unspecified</pose>
		<truncated>0</truncated>
		<difficult>0</difficult>
		<occluded>0</occluded>
		<bndbox>
			<xmin>616</xmin>
			<xmax>841</xmax>
			<ymin>424</ymin>
			<ymax>634</ymax>
		</bndbox>
	</object>
</annotation>
