<annotation>
	<folder></folder>
	<filename>normal24_jpg.rf.20594455a0baa7863e7b2c6db8523014.jpg</filename>
	<path>normal24_jpg.rf.20594455a0baa7863e7b2c6db8523014.jpg</path>
	<source>
		<database>roboflow.com</database>
	</source>
	<size>
		<width>1920</width>
		<height>1080</height>
		<depth>3</depth>
	</size>
	<segmented>0</segmented>
	<object>
		<name>abnormal</name>
		<pose>Unspecified</pose>
		<truncated>0</truncated>
		<difficult>0</difficult>
		<occluded>0</occluded>
		<bndbox>
			<xmin>774</xmin>
			<xmax>996</xmax>
			<ymin>263</ymin>
			<ymax>483</ymax>
		</bndbox>
	</object>
</annotation>
