<annotation>
	<folder></folder>
	<filename>normal15_jpg.rf.c37e98433b42fb8be1059df1d042f23d.jpg</filename>
	<path>normal15_jpg.rf.c37e98433b42fb8be1059df1d042f23d.jpg</path>
	<source>
		<database>roboflow.com</database>
	</source>
	<size>
		<width>1920</width>
		<height>1080</height>
		<depth>3</depth>
	</size>
	<segmented>0</segmented>
	<object>
		<name>abnormal</name>
		<pose>Unspecified</pose>
		<truncated>0</truncated>
		<difficult>0</difficult>
		<occluded>0</occluded>
		<bndbox>
			<xmin>716</xmin>
			<xmax>1015</xmax>
			<ymin>261</ymin>
			<ymax>496</ymax>
		</bndbox>
	</object>
</annotation>
