<annotation>
	<folder></folder>
	<filename>normal18_jpg.rf.da2fa6663b8a7c75ae02468a378e1e3b.jpg</filename>
	<path>normal18_jpg.rf.da2fa6663b8a7c75ae02468a378e1e3b.jpg</path>
	<source>
		<database>roboflow.com</database>
	</source>
	<size>
		<width>1920</width>
		<height>1080</height>
		<depth>3</depth>
	</size>
	<segmented>0</segmented>
	<object>
		<name>normal</name>
		<pose>Unspecified</pose>
		<truncated>0</truncated>
		<difficult>0</difficult>
		<occluded>0</occluded>
		<bndbox>
			<xmin>801</xmin>
			<xmax>1022</xmax>
			<ymin>304</ymin>
			<ymax>524</ymax>
		</bndbox>
	</object>
</annotation>
