<annotation>
	<folder></folder>
	<filename>normal18_jpg.rf.9ffa416404fb9c27cee4265ee0870e5a.jpg</filename>
	<path>normal18_jpg.rf.9ffa416404fb9c27cee4265ee0870e5a.jpg</path>
	<source>
		<database>roboflow.com</database>
	</source>
	<size>
		<width>1920</width>
		<height>1080</height>
		<depth>3</depth>
	</size>
	<segmented>0</segmented>
	<object>
		<name>normal</name>
		<pose>Unspecified</pose>
		<truncated>0</truncated>
		<difficult>0</difficult>
		<occluded>0</occluded>
		<bndbox>
			<xmin>803</xmin>
			<xmax>1042</xmax>
			<ymin>292</ymin>
			<ymax>530</ymax>
		</bndbox>
	</object>
</annotation>
