<annotation>
	<folder></folder>
	<filename>normal3_jpg.rf.be2429e02952e7005de8b5da86aa1471.jpg</filename>
	<path>normal3_jpg.rf.be2429e02952e7005de8b5da86aa1471.jpg</path>
	<source>
		<database>roboflow.com</database>
	</source>
	<size>
		<width>1920</width>
		<height>1080</height>
		<depth>3</depth>
	</size>
	<segmented>0</segmented>
	<object>
		<name>abnormal</name>
		<pose>Unspecified</pose>
		<truncated>0</truncated>
		<difficult>0</difficult>
		<occluded>0</occluded>
		<bndbox>
			<xmin>741</xmin>
			<xmax>1040</xmax>
			<ymin>113</ymin>
			<ymax>386</ymax>
		</bndbox>
	</object>
</annotation>
