<annotation>
	<folder></folder>
	<filename>normal22_jpg.rf.93a46f568d2c27a00dd213ee0428773c.jpg</filename>
	<path>normal22_jpg.rf.93a46f568d2c27a00dd213ee0428773c.jpg</path>
	<source>
		<database>roboflow.com</database>
	</source>
	<size>
		<width>1920</width>
		<height>1080</height>
		<depth>3</depth>
	</size>
	<segmented>0</segmented>
	<object>
		<name>normal</name>
		<pose>Unspecified</pose>
		<truncated>0</truncated>
		<difficult>0</difficult>
		<occluded>0</occluded>
		<bndbox>
			<xmin>936</xmin>
			<xmax>1190</xmax>
			<ymin>279</ymin>
			<ymax>525</ymax>
		</bndbox>
	</object>
</annotation>
