<annotation>
	<folder></folder>
	<filename>normal19_jpg.rf.f7036549633b0987335a82f92f41c06b.jpg</filename>
	<path>normal19_jpg.rf.f7036549633b0987335a82f92f41c06b.jpg</path>
	<source>
		<database>roboflow.com</database>
	</source>
	<size>
		<width>1920</width>
		<height>1080</height>
		<depth>3</depth>
	</size>
	<segmented>0</segmented>
	<object>
		<name>normal</name>
		<pose>Unspecified</pose>
		<truncated>0</truncated>
		<difficult>0</difficult>
		<occluded>0</occluded>
		<bndbox>
			<xmin>864</xmin>
			<xmax>1068</xmax>
			<ymin>657</ymin>
			<ymax>883</ymax>
		</bndbox>
	</object>
</annotation>
