<annotation>
	<folder></folder>
	<filename>normal17_jpg.rf.e379af6ff1691495fc874afc0c01b9b5.jpg</filename>
	<path>normal17_jpg.rf.e379af6ff1691495fc874afc0c01b9b5.jpg</path>
	<source>
		<database>roboflow.com</database>
	</source>
	<size>
		<width>1920</width>
		<height>1080</height>
		<depth>3</depth>
	</size>
	<segmented>0</segmented>
	<object>
		<name>normal</name>
		<pose>Unspecified</pose>
		<truncated>0</truncated>
		<difficult>0</difficult>
		<occluded>0</occluded>
		<bndbox>
			<xmin>882</xmin>
			<xmax>1102</xmax>
			<ymin>343</ymin>
			<ymax>568</ymax>
		</bndbox>
	</object>
</annotation>
