<annotation>
	<folder></folder>
	<filename>normal22_jpg.rf.528f9bc3b2c610dc57dda3b56bd8c5dd.jpg</filename>
	<path>normal22_jpg.rf.528f9bc3b2c610dc57dda3b56bd8c5dd.jpg</path>
	<source>
		<database>roboflow.com</database>
	</source>
	<size>
		<width>1920</width>
		<height>1080</height>
		<depth>3</depth>
	</size>
	<segmented>0</segmented>
	<object>
		<name>abnormal</name>
		<pose>Unspecified</pose>
		<truncated>0</truncated>
		<difficult>0</difficult>
		<occluded>0</occluded>
		<bndbox>
			<xmin>801</xmin>
			<xmax>1042</xmax>
			<ymin>298</ymin>
			<ymax>532</ymax>
		</bndbox>
	</object>
</annotation>
