<annotation>
	<folder></folder>
	<filename>normal17_jpg.rf.712160f09fff1bf0800cf942de90eb11.jpg</filename>
	<path>normal17_jpg.rf.712160f09fff1bf0800cf942de90eb11.jpg</path>
	<source>
		<database>roboflow.com</database>
	</source>
	<size>
		<width>1920</width>
		<height>1080</height>
		<depth>3</depth>
	</size>
	<segmented>0</segmented>
	<object>
		<name>normal</name>
		<pose>Unspecified</pose>
		<truncated>0</truncated>
		<difficult>0</difficult>
		<occluded>0</occluded>
		<bndbox>
			<xmin>824</xmin>
			<xmax>1039</xmax>
			<ymin>344</ymin>
			<ymax>565</ymax>
		</bndbox>
	</object>
</annotation>
