<annotation>
	<folder></folder>
	<filename>normal26_jpg.rf.b8f1f9183e6491be8bf40150af40d899.jpg</filename>
	<path>normal26_jpg.rf.b8f1f9183e6491be8bf40150af40d899.jpg</path>
	<source>
		<database>roboflow.com</database>
	</source>
	<size>
		<width>1920</width>
		<height>1080</height>
		<depth>3</depth>
	</size>
	<segmented>0</segmented>
	<object>
		<name>normal</name>
		<pose>Unspecified</pose>
		<truncated>0</truncated>
		<difficult>0</difficult>
		<occluded>0</occluded>
		<bndbox>
			<xmin>1008</xmin>
			<xmax>1237</xmax>
			<ymin>330</ymin>
			<ymax>553</ymax>
		</bndbox>
	</object>
</annotation>
