<annotation>
	<folder></folder>
	<filename>normal15_jpg.rf.4dbfa1722e6a6b292c54ef069bb6f895.jpg</filename>
	<path>normal15_jpg.rf.4dbfa1722e6a6b292c54ef069bb6f895.jpg</path>
	<source>
		<database>roboflow.com</database>
	</source>
	<size>
		<width>1920</width>
		<height>1080</height>
		<depth>3</depth>
	</size>
	<segmented>0</segmented>
	<object>
		<name>normal</name>
		<pose>Unspecified</pose>
		<truncated>0</truncated>
		<difficult>0</difficult>
		<occluded>0</occluded>
		<bndbox>
			<xmin>887</xmin>
			<xmax>1142</xmax>
			<ymin>344</ymin>
			<ymax>597</ymax>
		</bndbox>
	</object>
</annotation>
