<annotation>
	<folder></folder>
	<filename>normal15_jpg.rf.6b3c6af84d2d9709193e18e882cb96e9.jpg</filename>
	<path>normal15_jpg.rf.6b3c6af84d2d9709193e18e882cb96e9.jpg</path>
	<source>
		<database>roboflow.com</database>
	</source>
	<size>
		<width>1920</width>
		<height>1080</height>
		<depth>3</depth>
	</size>
	<segmented>0</segmented>
	<object>
		<name>normal</name>
		<pose>Unspecified</pose>
		<truncated>0</truncated>
		<difficult>0</difficult>
		<occluded>0</occluded>
		<bndbox>
			<xmin>890</xmin>
			<xmax>1127</xmax>
			<ymin>349</ymin>
			<ymax>584</ymax>
		</bndbox>
	</object>
</annotation>
