<annotation>
	<folder></folder>
	<filename>normal37_jpg.rf.829a53a3c980d10799846a79f77d5054.jpg</filename>
	<path>normal37_jpg.rf.829a53a3c980d10799846a79f77d5054.jpg</path>
	<source>
		<database>roboflow.com</database>
	</source>
	<size>
		<width>1920</width>
		<height>1080</height>
		<depth>3</depth>
	</size>
	<segmented>0</segmented>
	<object>
		<name>normal</name>
		<pose>Unspecified</pose>
		<truncated>0</truncated>
		<difficult>0</difficult>
		<occluded>0</occluded>
		<bndbox>
			<xmin>864</xmin>
			<xmax>1089</xmax>
			<ymin>316</ymin>
			<ymax>532</ymax>
		</bndbox>
	</object>
</annotation>
