<annotation>
	<folder></folder>
	<filename>normal30_jpg.rf.4865307635b04187c190fb2e66fe8d18.jpg</filename>
	<path>normal30_jpg.rf.4865307635b04187c190fb2e66fe8d18.jpg</path>
	<source>
		<database>roboflow.com</database>
	</source>
	<size>
		<width>1920</width>
		<height>1080</height>
		<depth>3</depth>
	</size>
	<segmented>0</segmented>
	<object>
		<name>abnormal</name>
		<pose>Unspecified</pose>
		<truncated>0</truncated>
		<difficult>0</difficult>
		<occluded>0</occluded>
		<bndbox>
			<xmin>794</xmin>
			<xmax>1023</xmax>
			<ymin>303</ymin>
			<ymax>533</ymax>
		</bndbox>
	</object>
</annotation>
