<annotation>
	<folder></folder>
	<filename>normal24_jpg.rf.093746aff8445506bc472d91b0f6a349.jpg</filename>
	<path>normal24_jpg.rf.093746aff8445506bc472d91b0f6a349.jpg</path>
	<source>
		<database>roboflow.com</database>
	</source>
	<size>
		<width>1920</width>
		<height>1080</height>
		<depth>3</depth>
	</size>
	<segmented>0</segmented>
	<object>
		<name>normal</name>
		<pose>Unspecified</pose>
		<truncated>0</truncated>
		<difficult>0</difficult>
		<occluded>0</occluded>
		<bndbox>
			<xmin>430</xmin>
			<xmax>681</xmax>
			<ymin>213</ymin>
			<ymax>459</ymax>
		</bndbox>
	</object>
</annotation>
