<annotation>
	<folder></folder>
	<filename>normal24_jpg.rf.f22f6898a83924501c1b953aeebe4aee.jpg</filename>
	<path>normal24_jpg.rf.f22f6898a83924501c1b953aeebe4aee.jpg</path>
	<source>
		<database>roboflow.com</database>
	</source>
	<size>
		<width>1920</width>
		<height>1080</height>
		<depth>3</depth>
	</size>
	<segmented>0</segmented>
	<object>
		<name>normal</name>
		<pose>Unspecified</pose>
		<truncated>0</truncated>
		<difficult>0</difficult>
		<occluded>0</occluded>
		<bndbox>
			<xmin>445</xmin>
			<xmax>696</xmax>
			<ymin>185</ymin>
			<ymax>431</ymax>
		</bndbox>
	</object>
</annotation>
