<annotation>
	<folder></folder>
	<filename>normal12_jpg.rf.7c382fa1e06dba0271afba0fb95c21f0.jpg</filename>
	<path>normal12_jpg.rf.7c382fa1e06dba0271afba0fb95c21f0.jpg</path>
	<source>
		<database>roboflow.com</database>
	</source>
	<size>
		<width>1920</width>
		<height>1080</height>
		<depth>3</depth>
	</size>
	<segmented>0</segmented>
	<object>
		<name>normal</name>
		<pose>Unspecified</pose>
		<truncated>0</truncated>
		<difficult>0</difficult>
		<occluded>0</occluded>
		<bndbox>
			<xmin>749</xmin>
			<xmax>971</xmax>
			<ymin>398</ymin>
			<ymax>625</ymax>
		</bndbox>
	</object>
</annotation>
