<annotation>
	<folder></folder>
	<filename>normal24_jpg.rf.80cb1d334ab67d8b3285384b163852f2.jpg</filename>
	<path>normal24_jpg.rf.80cb1d334ab67d8b3285384b163852f2.jpg</path>
	<source>
		<database>roboflow.com</database>
	</source>
	<size>
		<width>1920</width>
		<height>1080</height>
		<depth>3</depth>
	</size>
	<segmented>0</segmented>
	<object>
		<name>abnormal</name>
		<pose>Unspecified</pose>
		<truncated>0</truncated>
		<difficult>0</difficult>
		<occluded>0</occluded>
		<bndbox>
			<xmin>931</xmin>
			<xmax>1149</xmax>
			<ymin>600</ymin>
			<ymax>816</ymax>
		</bndbox>
	</object>
</annotation>
