<annotation>
	<folder></folder>
	<filename>normal18_jpg.rf.13198d64973260e51b107ff1432de2b3.jpg</filename>
	<path>normal18_jpg.rf.13198d64973260e51b107ff1432de2b3.jpg</path>
	<source>
		<database>roboflow.com</database>
	</source>
	<size>
		<width>1920</width>
		<height>1080</height>
		<depth>3</depth>
	</size>
	<segmented>0</segmented>
	<object>
		<name>abnormal</name>
		<pose>Unspecified</pose>
		<truncated>0</truncated>
		<difficult>0</difficult>
		<occluded>0</occluded>
		<bndbox>
			<xmin>896</xmin>
			<xmax>1128</xmax>
			<ymin>212</ymin>
			<ymax>461</ymax>
		</bndbox>
	</object>
</annotation>
