<annotation>
	<folder></folder>
	<filename>normal6_jpg.rf.2b03270c0d7bbbd79051aab8b4ea75f3.jpg</filename>
	<path>normal6_jpg.rf.2b03270c0d7bbbd79051aab8b4ea75f3.jpg</path>
	<source>
		<database>roboflow.com</database>
	</source>
	<size>
		<width>1920</width>
		<height>1080</height>
		<depth>3</depth>
	</size>
	<segmented>0</segmented>
	<object>
		<name>normal</name>
		<pose>Unspecified</pose>
		<truncated>0</truncated>
		<difficult>0</difficult>
		<occluded>0</occluded>
		<bndbox>
			<xmin>830</xmin>
			<xmax>1076</xmax>
			<ymin>267</ymin>
			<ymax>505</ymax>
		</bndbox>
	</object>
</annotation>
