<annotation>
	<folder></folder>
	<filename>normal12_jpg.rf.08dc6b8629427322df488b703c6bab7b.jpg</filename>
	<path>normal12_jpg.rf.08dc6b8629427322df488b703c6bab7b.jpg</path>
	<source>
		<database>roboflow.com</database>
	</source>
	<size>
		<width>1920</width>
		<height>1080</height>
		<depth>3</depth>
	</size>
	<segmented>0</segmented>
	<object>
		<name>abnormal</name>
		<pose>Unspecified</pose>
		<truncated>0</truncated>
		<difficult>0</difficult>
		<occluded>0</occluded>
		<bndbox>
			<xmin>772</xmin>
			<xmax>991</xmax>
			<ymin>360</ymin>
			<ymax>579</ymax>
		</bndbox>
	</object>
</annotation>
