<annotation>
	<folder></folder>
	<filename>normal1_jpg.rf.21893bec962921386dc2c804015e4661.jpg</filename>
	<path>normal1_jpg.rf.21893bec962921386dc2c804015e4661.jpg</path>
	<source>
		<database>roboflow.com</database>
	</source>
	<size>
		<width>1920</width>
		<height>1080</height>
		<depth>3</depth>
	</size>
	<segmented>0</segmented>
	<object>
		<name>normal</name>
		<pose>Unspecified</pose>
		<truncated>0</truncated>
		<difficult>0</difficult>
		<occluded>0</occluded>
		<bndbox>
			<xmin>915</xmin>
			<xmax>1144</xmax>
			<ymin>333</ymin>
			<ymax>570</ymax>
		</bndbox>
	</object>
</annotation>
