<annotation>
	<folder></folder>
	<filename>normal17_jpg.rf.9bdf10b993450d6bb60c20e971bad5f0.jpg</filename>
	<path>normal17_jpg.rf.9bdf10b993450d6bb60c20e971bad5f0.jpg</path>
	<source>
		<database>roboflow.com</database>
	</source>
	<size>
		<width>1920</width>
		<height>1080</height>
		<depth>3</depth>
	</size>
	<segmented>0</segmented>
	<object>
		<name>normal</name>
		<pose>Unspecified</pose>
		<truncated>0</truncated>
		<difficult>0</difficult>
		<occluded>0</occluded>
		<bndbox>
			<xmin>881</xmin>
			<xmax>1122</xmax>
			<ymin>337</ymin>
			<ymax>582</ymax>
		</bndbox>
	</object>
</annotation>
