<annotation>
	<folder></folder>
	<filename>normal9_jpg.rf.bc81d499830cec36c25d53cf29cc0ec6.jpg</filename>
	<path>normal9_jpg.rf.bc81d499830cec36c25d53cf29cc0ec6.jpg</path>
	<source>
		<database>roboflow.com</database>
	</source>
	<size>
		<width>1920</width>
		<height>1080</height>
		<depth>3</depth>
	</size>
	<segmented>0</segmented>
	<object>
		<name>abnormal</name>
		<pose>Unspecified</pose>
		<truncated>0</truncated>
		<difficult>0</difficult>
		<occluded>0</occluded>
		<bndbox>
			<xmin>686</xmin>
			<xmax>934</xmax>
			<ymin>379</ymin>
			<ymax>614</ymax>
		</bndbox>
	</object>
</annotation>
