<annotation>
	<folder></folder>
	<filename>normal5_jpg.rf.dbc38de6cf8f18e6313ada1527163488.jpg</filename>
	<path>normal5_jpg.rf.dbc38de6cf8f18e6313ada1527163488.jpg</path>
	<source>
		<database>roboflow.com</database>
	</source>
	<size>
		<width>1920</width>
		<height>1080</height>
		<depth>3</depth>
	</size>
	<segmented>0</segmented>
	<object>
		<name>normal</name>
		<pose>Unspecified</pose>
		<truncated>0</truncated>
		<difficult>0</difficult>
		<occluded>0</occluded>
		<bndbox>
			<xmin>856</xmin>
			<xmax>1073</xmax>
			<ymin>311</ymin>
			<ymax>524</ymax>
		</bndbox>
	</object>
</annotation>
