<annotation>
	<folder></folder>
	<filename>normal38_jpg.rf.a6f436275a872b76baec192f9168acf4.jpg</filename>
	<path>normal38_jpg.rf.a6f436275a872b76baec192f9168acf4.jpg</path>
	<source>
		<database>roboflow.com</database>
	</source>
	<size>
		<width>1920</width>
		<height>1080</height>
		<depth>3</depth>
	</size>
	<segmented>0</segmented>
	<object>
		<name>normal</name>
		<pose>Unspecified</pose>
		<truncated>0</truncated>
		<difficult>0</difficult>
		<occluded>0</occluded>
		<bndbox>
			<xmin>778</xmin>
			<xmax>1023</xmax>
			<ymin>270</ymin>
			<ymax>525</ymax>
		</bndbox>
	</object>
</annotation>
