<annotation>
	<folder></folder>
	<filename>normal10_jpg.rf.a9d7f6de97654bc383712e422a291531.jpg</filename>
	<path>normal10_jpg.rf.a9d7f6de97654bc383712e422a291531.jpg</path>
	<source>
		<database>roboflow.com</database>
	</source>
	<size>
		<width>1920</width>
		<height>1080</height>
		<depth>3</depth>
	</size>
	<segmented>0</segmented>
	<object>
		<name>abnormal</name>
		<pose>Unspecified</pose>
		<truncated>0</truncated>
		<difficult>0</difficult>
		<occluded>0</occluded>
		<bndbox>
			<xmin>638</xmin>
			<xmax>924</xmax>
			<ymin>308</ymin>
			<ymax>610</ymax>
		</bndbox>
	</object>
</annotation>
