<annotation>
	<folder></folder>
	<filename>normal15_jpg.rf.368362b7cd729a53f587f37821eff2ef.jpg</filename>
	<path>normal15_jpg.rf.368362b7cd729a53f587f37821eff2ef.jpg</path>
	<source>
		<database>roboflow.com</database>
	</source>
	<size>
		<width>1920</width>
		<height>1080</height>
		<depth>3</depth>
	</size>
	<segmented>0</segmented>
	<object>
		<name>abnormal</name>
		<pose>Unspecified</pose>
		<truncated>0</truncated>
		<difficult>0</difficult>
		<occluded>0</occluded>
		<bndbox>
			<xmin>726</xmin>
			<xmax>1017</xmax>
			<ymin>263</ymin>
			<ymax>488</ymax>
		</bndbox>
	</object>
</annotation>
