<annotation>
	<folder></folder>
	<filename>normal14_jpg.rf.cf3bd77655f22e18114eb56e69b998ee.jpg</filename>
	<path>normal14_jpg.rf.cf3bd77655f22e18114eb56e69b998ee.jpg</path>
	<source>
		<database>roboflow.com</database>
	</source>
	<size>
		<width>1920</width>
		<height>1080</height>
		<depth>3</depth>
	</size>
	<segmented>0</segmented>
	<object>
		<name>normal</name>
		<pose>Unspecified</pose>
		<truncated>0</truncated>
		<difficult>0</difficult>
		<occluded>0</occluded>
		<bndbox>
			<xmin>669</xmin>
			<xmax>926</xmax>
			<ymin>88</ymin>
			<ymax>359</ymax>
		</bndbox>
	</object>
</annotation>
