<annotation>
	<folder></folder>
	<filename>normal8_jpg.rf.c1fce12f1ba0d9b650e75095b3069127.jpg</filename>
	<path>normal8_jpg.rf.c1fce12f1ba0d9b650e75095b3069127.jpg</path>
	<source>
		<database>roboflow.com</database>
	</source>
	<size>
		<width>1920</width>
		<height>1080</height>
		<depth>3</depth>
	</size>
	<segmented>0</segmented>
	<object>
		<name>normal</name>
		<pose>Unspecified</pose>
		<truncated>0</truncated>
		<difficult>0</difficult>
		<occluded>0</occluded>
		<bndbox>
			<xmin>1041</xmin>
			<xmax>1285</xmax>
			<ymin>272</ymin>
			<ymax>508</ymax>
		</bndbox>
	</object>
</annotation>
