<annotation>
	<folder></folder>
	<filename>normal8_jpg.rf.c4eb69a07c57159f982e24ce8cac6a9f.jpg</filename>
	<path>normal8_jpg.rf.c4eb69a07c57159f982e24ce8cac6a9f.jpg</path>
	<source>
		<database>roboflow.com</database>
	</source>
	<size>
		<width>1920</width>
		<height>1080</height>
		<depth>3</depth>
	</size>
	<segmented>0</segmented>
	<object>
		<name>normal</name>
		<pose>Unspecified</pose>
		<truncated>0</truncated>
		<difficult>0</difficult>
		<occluded>0</occluded>
		<bndbox>
			<xmin>1051</xmin>
			<xmax>1299</xmax>
			<ymin>288</ymin>
			<ymax>528</ymax>
		</bndbox>
	</object>
</annotation>
