<annotation>
	<folder></folder>
	<filename>normal20_jpg.rf.493cf7f5e4c006b3b264b6629f99c00d.jpg</filename>
	<path>normal20_jpg.rf.493cf7f5e4c006b3b264b6629f99c00d.jpg</path>
	<source>
		<database>roboflow.com</database>
	</source>
	<size>
		<width>1920</width>
		<height>1080</height>
		<depth>3</depth>
	</size>
	<segmented>0</segmented>
	<object>
		<name>abnormal</name>
		<pose>Unspecified</pose>
		<truncated>0</truncated>
		<difficult>0</difficult>
		<occluded>0</occluded>
		<bndbox>
			<xmin>702</xmin>
			<xmax>940</xmax>
			<ymin>272</ymin>
			<ymax>526</ymax>
		</bndbox>
	</object>
</annotation>
