<annotation>
	<folder></folder>
	<filename>normal18_jpg.rf.21937f153c18e5de165a77030d178bcc.jpg</filename>
	<path>normal18_jpg.rf.21937f153c18e5de165a77030d178bcc.jpg</path>
	<source>
		<database>roboflow.com</database>
	</source>
	<size>
		<width>1920</width>
		<height>1080</height>
		<depth>3</depth>
	</size>
	<segmented>0</segmented>
	<object>
		<name>normal</name>
		<pose>Unspecified</pose>
		<truncated>0</truncated>
		<difficult>0</difficult>
		<occluded>0</occluded>
		<bndbox>
			<xmin>900</xmin>
			<xmax>1121</xmax>
			<ymin>304</ymin>
			<ymax>524</ymax>
		</bndbox>
	</object>
</annotation>
