<annotation>
	<folder></folder>
	<filename>normal14_jpg.rf.eaf48d26cc1405800c70efa2ddce9bea.jpg</filename>
	<path>normal14_jpg.rf.eaf48d26cc1405800c70efa2ddce9bea.jpg</path>
	<source>
		<database>roboflow.com</database>
	</source>
	<size>
		<width>1920</width>
		<height>1080</height>
		<depth>3</depth>
	</size>
	<segmented>0</segmented>
	<object>
		<name>normal</name>
		<pose>Unspecified</pose>
		<truncated>0</truncated>
		<difficult>0</difficult>
		<occluded>0</occluded>
		<bndbox>
			<xmin>706</xmin>
			<xmax>945</xmax>
			<ymin>83</ymin>
			<ymax>338</ymax>
		</bndbox>
	</object>
</annotation>
