<annotation>
	<folder></folder>
	<filename>normal27_jpg.rf.d715055847cc6b4fc91af709a6f653f5.jpg</filename>
	<path>normal27_jpg.rf.d715055847cc6b4fc91af709a6f653f5.jpg</path>
	<source>
		<database>roboflow.com</database>
	</source>
	<size>
		<width>1920</width>
		<height>1080</height>
		<depth>3</depth>
	</size>
	<segmented>0</segmented>
	<object>
		<name>abnormal</name>
		<pose>Unspecified</pose>
		<truncated>0</truncated>
		<difficult>0</difficult>
		<occluded>0</occluded>
		<bndbox>
			<xmin>739</xmin>
			<xmax>1015</xmax>
			<ymin>300</ymin>
			<ymax>575</ymax>
		</bndbox>
	</object>
</annotation>
