<annotation>
	<folder></folder>
	<filename>normal24_jpg.rf.90f3b5258d618757cd2f0271da2deb35.jpg</filename>
	<path>normal24_jpg.rf.90f3b5258d618757cd2f0271da2deb35.jpg</path>
	<source>
		<database>roboflow.com</database>
	</source>
	<size>
		<width>1920</width>
		<height>1080</height>
		<depth>3</depth>
	</size>
	<segmented>0</segmented>
	<object>
		<name>normal</name>
		<pose>Unspecified</pose>
		<truncated>0</truncated>
		<difficult>0</difficult>
		<occluded>0</occluded>
		<bndbox>
			<xmin>1238</xmin>
			<xmax>1481</xmax>
			<ymin>642</ymin>
			<ymax>879</ymax>
		</bndbox>
	</object>
</annotation>
