<annotation>
	<folder></folder>
	<filename>normal3_jpg.rf.b2ddd7901db8e7affdb48449fece6c24.jpg</filename>
	<path>normal3_jpg.rf.b2ddd7901db8e7affdb48449fece6c24.jpg</path>
	<source>
		<database>roboflow.com</database>
	</source>
	<size>
		<width>1920</width>
		<height>1080</height>
		<depth>3</depth>
	</size>
	<segmented>0</segmented>
	<object>
		<name>normal</name>
		<pose>Unspecified</pose>
		<truncated>0</truncated>
		<difficult>0</difficult>
		<occluded>0</occluded>
		<bndbox>
			<xmin>673</xmin>
			<xmax>940</xmax>
			<ymin>275</ymin>
			<ymax>544</ymax>
		</bndbox>
	</object>
</annotation>
