<annotation>
	<folder></folder>
	<filename>normal21_jpg.rf.d0038dd0a21665483ea74f478d00dc3e.jpg</filename>
	<path>normal21_jpg.rf.d0038dd0a21665483ea74f478d00dc3e.jpg</path>
	<source>
		<database>roboflow.com</database>
	</source>
	<size>
		<width>1920</width>
		<height>1080</height>
		<depth>3</depth>
	</size>
	<segmented>0</segmented>
	<object>
		<name>normal</name>
		<pose>Unspecified</pose>
		<truncated>0</truncated>
		<difficult>0</difficult>
		<occluded>0</occluded>
		<bndbox>
			<xmin>1001</xmin>
			<xmax>1236</xmax>
			<ymin>323</ymin>
			<ymax>561</ymax>
		</bndbox>
	</object>
</annotation>
