<annotation>
	<folder></folder>
	<filename>normal14_jpg.rf.129cd1224a5fd209051d4bd7031a74fa.jpg</filename>
	<path>normal14_jpg.rf.129cd1224a5fd209051d4bd7031a74fa.jpg</path>
	<source>
		<database>roboflow.com</database>
	</source>
	<size>
		<width>1920</width>
		<height>1080</height>
		<depth>3</depth>
	</size>
	<segmented>0</segmented>
	<object>
		<name>abnormal</name>
		<pose>Unspecified</pose>
		<truncated>0</truncated>
		<difficult>0</difficult>
		<occluded>0</occluded>
		<bndbox>
			<xmin>683</xmin>
			<xmax>928</xmax>
			<ymin>288</ymin>
			<ymax>547</ymax>
		</bndbox>
	</object>
</annotation>
