<annotation>
	<folder></folder>
	<filename>normal13_jpg.rf.e415684d9b2f6be2c16b2e0715057b2a.jpg</filename>
	<path>normal13_jpg.rf.e415684d9b2f6be2c16b2e0715057b2a.jpg</path>
	<source>
		<database>roboflow.com</database>
	</source>
	<size>
		<width>1920</width>
		<height>1080</height>
		<depth>3</depth>
	</size>
	<segmented>0</segmented>
	<object>
		<name>normal</name>
		<pose>Unspecified</pose>
		<truncated>0</truncated>
		<difficult>0</difficult>
		<occluded>0</occluded>
		<bndbox>
			<xmin>790</xmin>
			<xmax>1011</xmax>
			<ymin>682</ymin>
			<ymax>908</ymax>
		</bndbox>
	</object>
</annotation>
