<annotation>
	<folder></folder>
	<filename>normal32_jpg.rf.f800fc4934aa07ce295cb5ddbcbac2b0.jpg</filename>
	<path>normal32_jpg.rf.f800fc4934aa07ce295cb5ddbcbac2b0.jpg</path>
	<source>
		<database>roboflow.com</database>
	</source>
	<size>
		<width>1920</width>
		<height>1080</height>
		<depth>3</depth>
	</size>
	<segmented>0</segmented>
	<object>
		<name>abnormal</name>
		<pose>Unspecified</pose>
		<truncated>0</truncated>
		<difficult>0</difficult>
		<occluded>0</occluded>
		<bndbox>
			<xmin>990</xmin>
			<xmax>1214</xmax>
			<ymin>550</ymin>
			<ymax>764</ymax>
		</bndbox>
	</object>
</annotation>
