<annotation>
	<folder></folder>
	<filename>normal45_jpg.rf.72c8e9e87ef6030eba0049232ebd2ee8.jpg</filename>
	<path>normal45_jpg.rf.72c8e9e87ef6030eba0049232ebd2ee8.jpg</path>
	<source>
		<database>roboflow.com</database>
	</source>
	<size>
		<width>1920</width>
		<height>1080</height>
		<depth>3</depth>
	</size>
	<segmented>0</segmented>
	<object>
		<name>normal</name>
		<pose>Unspecified</pose>
		<truncated>0</truncated>
		<difficult>0</difficult>
		<occluded>0</occluded>
		<bndbox>
			<xmin>862</xmin>
			<xmax>1081</xmax>
			<ymin>614</ymin>
			<ymax>844</ymax>
		</bndbox>
	</object>
</annotation>
