<annotation>
	<folder></folder>
	<filename>normal33_jpg.rf.12d85433f6d79ddfd6bb112bcc1252c1.jpg</filename>
	<path>normal33_jpg.rf.12d85433f6d79ddfd6bb112bcc1252c1.jpg</path>
	<source>
		<database>roboflow.com</database>
	</source>
	<size>
		<width>1920</width>
		<height>1080</height>
		<depth>3</depth>
	</size>
	<segmented>0</segmented>
	<object>
		<name>abnormal</name>
		<pose>Unspecified</pose>
		<truncated>0</truncated>
		<difficult>0</difficult>
		<occluded>0</occluded>
		<bndbox>
			<xmin>901</xmin>
			<xmax>1115</xmax>
			<ymin>611</ymin>
			<ymax>836</ymax>
		</bndbox>
	</object>
</annotation>
