<annotation>
	<folder></folder>
	<filename>normal35_jpg.rf.d835c79435bc55b77b06331b85145c1d.jpg</filename>
	<path>normal35_jpg.rf.d835c79435bc55b77b06331b85145c1d.jpg</path>
	<source>
		<database>roboflow.com</database>
	</source>
	<size>
		<width>1920</width>
		<height>1080</height>
		<depth>3</depth>
	</size>
	<segmented>0</segmented>
	<object>
		<name>normal</name>
		<pose>Unspecified</pose>
		<truncated>0</truncated>
		<difficult>0</difficult>
		<occluded>0</occluded>
		<bndbox>
			<xmin>1043</xmin>
			<xmax>1294</xmax>
			<ymin>349</ymin>
			<ymax>593</ymax>
		</bndbox>
	</object>
</annotation>
