<annotation>
	<folder></folder>
	<filename>normal28_jpg.rf.1526526d7191a9a760035a9b01a3177c.jpg</filename>
	<path>normal28_jpg.rf.1526526d7191a9a760035a9b01a3177c.jpg</path>
	<source>
		<database>roboflow.com</database>
	</source>
	<size>
		<width>1920</width>
		<height>1080</height>
		<depth>3</depth>
	</size>
	<segmented>0</segmented>
	<object>
		<name>abnormal</name>
		<pose>Unspecified</pose>
		<truncated>0</truncated>
		<difficult>0</difficult>
		<occluded>0</occluded>
		<bndbox>
			<xmin>826</xmin>
			<xmax>1046</xmax>
			<ymin>336</ymin>
			<ymax>555</ymax>
		</bndbox>
	</object>
</annotation>
