<annotation>
	<folder></folder>
	<filename>normal10_jpg.rf.6b3d0f793c4f6679db85bf7dbd3909d8.jpg</filename>
	<path>normal10_jpg.rf.6b3d0f793c4f6679db85bf7dbd3909d8.jpg</path>
	<source>
		<database>roboflow.com</database>
	</source>
	<size>
		<width>1920</width>
		<height>1080</height>
		<depth>3</depth>
	</size>
	<segmented>0</segmented>
	<object>
		<name>normal</name>
		<pose>Unspecified</pose>
		<truncated>0</truncated>
		<difficult>0</difficult>
		<occluded>0</occluded>
		<bndbox>
			<xmin>795</xmin>
			<xmax>1007</xmax>
			<ymin>442</ymin>
			<ymax>666</ymax>
		</bndbox>
	</object>
</annotation>
