<annotation>
	<folder></folder>
	<filename>normal2_jpg.rf.a09e7b100f495ed9c63a2dfcb1da2253.jpg</filename>
	<path>normal2_jpg.rf.a09e7b100f495ed9c63a2dfcb1da2253.jpg</path>
	<source>
		<database>roboflow.com</database>
	</source>
	<size>
		<width>1920</width>
		<height>1080</height>
		<depth>3</depth>
	</size>
	<segmented>0</segmented>
	<object>
		<name>normal</name>
		<pose>Unspecified</pose>
		<truncated>0</truncated>
		<difficult>0</difficult>
		<occluded>0</occluded>
		<bndbox>
			<xmin>463</xmin>
			<xmax>705</xmax>
			<ymin>395</ymin>
			<ymax>604</ymax>
		</bndbox>
	</object>
</annotation>
