<annotation>
	<folder></folder>
	<filename>normal33_jpg.rf.4507d85619d35af6cfa47d9de4c838ea.jpg</filename>
	<path>normal33_jpg.rf.4507d85619d35af6cfa47d9de4c838ea.jpg</path>
	<source>
		<database>roboflow.com</database>
	</source>
	<size>
		<width>1920</width>
		<height>1080</height>
		<depth>3</depth>
	</size>
	<segmented>0</segmented>
	<object>
		<name>abnormal</name>
		<pose>Unspecified</pose>
		<truncated>0</truncated>
		<difficult>0</difficult>
		<occluded>0</occluded>
		<bndbox>
			<xmin>891</xmin>
			<xmax>1113</xmax>
			<ymin>241</ymin>
			<ymax>473</ymax>
		</bndbox>
	</object>
</annotation>
