<annotation>
	<folder></folder>
	<filename>normal34_jpg.rf.7701bef183f6531bd1a32e83b74a0809.jpg</filename>
	<path>normal34_jpg.rf.7701bef183f6531bd1a32e83b74a0809.jpg</path>
	<source>
		<database>roboflow.com</database>
	</source>
	<size>
		<width>1920</width>
		<height>1080</height>
		<depth>3</depth>
	</size>
	<segmented>0</segmented>
	<object>
		<name>abnormal</name>
		<pose>Unspecified</pose>
		<truncated>0</truncated>
		<difficult>0</difficult>
		<occluded>0</occluded>
		<bndbox>
			<xmin>783</xmin>
			<xmax>1014</xmax>
			<ymin>231</ymin>
			<ymax>466</ymax>
		</bndbox>
	</object>
</annotation>
