<annotation>
	<folder></folder>
	<filename>normal14_jpg.rf.7b0e10959128748f7029c7d9431782e4.jpg</filename>
	<path>normal14_jpg.rf.7b0e10959128748f7029c7d9431782e4.jpg</path>
	<source>
		<database>roboflow.com</database>
	</source>
	<size>
		<width>1920</width>
		<height>1080</height>
		<depth>3</depth>
	</size>
	<segmented>0</segmented>
	<object>
		<name>abnormal</name>
		<pose>Unspecified</pose>
		<truncated>0</truncated>
		<difficult>0</difficult>
		<occluded>0</occluded>
		<bndbox>
			<xmin>698</xmin>
			<xmax>947</xmax>
			<ymin>269</ymin>
			<ymax>531</ymax>
		</bndbox>
	</object>
</annotation>
