<annotation>
	<folder></folder>
	<filename>normal11_jpg.rf.25b4d8b8bbb20de10be0413a1508afe3.jpg</filename>
	<path>normal11_jpg.rf.25b4d8b8bbb20de10be0413a1508afe3.jpg</path>
	<source>
		<database>roboflow.com</database>
	</source>
	<size>
		<width>1920</width>
		<height>1080</height>
		<depth>3</depth>
	</size>
	<segmented>0</segmented>
	<object>
		<name>normal</name>
		<pose>Unspecified</pose>
		<truncated>0</truncated>
		<difficult>0</difficult>
		<occluded>0</occluded>
		<bndbox>
			<xmin>976</xmin>
			<xmax>1196</xmax>
			<ymin>318</ymin>
			<ymax>518</ymax>
		</bndbox>
	</object>
</annotation>
