<annotation>
	<folder></folder>
	<filename>normal35_jpg.rf.fc1ae4dc234f9ed107a158e3933a8b36.jpg</filename>
	<path>normal35_jpg.rf.fc1ae4dc234f9ed107a158e3933a8b36.jpg</path>
	<source>
		<database>roboflow.com</database>
	</source>
	<size>
		<width>1920</width>
		<height>1080</height>
		<depth>3</depth>
	</size>
	<segmented>0</segmented>
	<object>
		<name>normal</name>
		<pose>Unspecified</pose>
		<truncated>0</truncated>
		<difficult>0</difficult>
		<occluded>0</occluded>
		<bndbox>
			<xmin>1061</xmin>
			<xmax>1294</xmax>
			<ymin>392</ymin>
			<ymax>618</ymax>
		</bndbox>
	</object>
</annotation>
