<annotation>
	<folder></folder>
	<filename>normal22_jpg.rf.2333d8ddabf86a322805daefe927ef5f.jpg</filename>
	<path>normal22_jpg.rf.2333d8ddabf86a322805daefe927ef5f.jpg</path>
	<source>
		<database>roboflow.com</database>
	</source>
	<size>
		<width>1920</width>
		<height>1080</height>
		<depth>3</depth>
	</size>
	<segmented>0</segmented>
	<object>
		<name>normal</name>
		<pose>Unspecified</pose>
		<truncated>0</truncated>
		<difficult>0</difficult>
		<occluded>0</occluded>
		<bndbox>
			<xmin>953</xmin>
			<xmax>1191</xmax>
			<ymin>294</ymin>
			<ymax>524</ymax>
		</bndbox>
	</object>
</annotation>
