<annotation>
	<folder></folder>
	<filename>normal24_jpg.rf.3526748d20b1a9a2c9050df60d3eadd2.jpg</filename>
	<path>normal24_jpg.rf.3526748d20b1a9a2c9050df60d3eadd2.jpg</path>
	<source>
		<database>roboflow.com</database>
	</source>
	<size>
		<width>1920</width>
		<height>1080</height>
		<depth>3</depth>
	</size>
	<segmented>0</segmented>
	<object>
		<name>normal</name>
		<pose>Unspecified</pose>
		<truncated>0</truncated>
		<difficult>0</difficult>
		<occluded>0</occluded>
		<bndbox>
			<xmin>395</xmin>
			<xmax>672</xmax>
			<ymin>250</ymin>
			<ymax>523</ymax>
		</bndbox>
	</object>
</annotation>
