<annotation>
	<folder></folder>
	<filename>normal35_jpg.rf.6fbbcd3c31d06a4cf8db3083c90eaaf3.jpg</filename>
	<path>normal35_jpg.rf.6fbbcd3c31d06a4cf8db3083c90eaaf3.jpg</path>
	<source>
		<database>roboflow.com</database>
	</source>
	<size>
		<width>1920</width>
		<height>1080</height>
		<depth>3</depth>
	</size>
	<segmented>0</segmented>
	<object>
		<name>abnormal</name>
		<pose>Unspecified</pose>
		<truncated>0</truncated>
		<difficult>0</difficult>
		<occluded>0</occluded>
		<bndbox>
			<xmin>747</xmin>
			<xmax>980</xmax>
			<ymin>334</ymin>
			<ymax>613</ymax>
		</bndbox>
	</object>
</annotation>
