<annotation>
	<folder></folder>
	<filename>normal34_jpg.rf.4bfee2b41c6fb8983bc05bec3650c3e8.jpg</filename>
	<path>normal34_jpg.rf.4bfee2b41c6fb8983bc05bec3650c3e8.jpg</path>
	<source>
		<database>roboflow.com</database>
	</source>
	<size>
		<width>1920</width>
		<height>1080</height>
		<depth>3</depth>
	</size>
	<segmented>0</segmented>
	<object>
		<name>normal</name>
		<pose>Unspecified</pose>
		<truncated>0</truncated>
		<difficult>0</difficult>
		<occluded>0</occluded>
		<bndbox>
			<xmin>951</xmin>
			<xmax>1183</xmax>
			<ymin>432</ymin>
			<ymax>658</ymax>
		</bndbox>
	</object>
</annotation>
