<annotation>
	<folder></folder>
	<filename>normal32_jpg.rf.56a3a42ba1a7a21ca1932ffe0c4005db.jpg</filename>
	<path>normal32_jpg.rf.56a3a42ba1a7a21ca1932ffe0c4005db.jpg</path>
	<source>
		<database>roboflow.com</database>
	</source>
	<size>
		<width>1920</width>
		<height>1080</height>
		<depth>3</depth>
	</size>
	<segmented>0</segmented>
	<object>
		<name>abnormal</name>
		<pose>Unspecified</pose>
		<truncated>0</truncated>
		<difficult>0</difficult>
		<occluded>0</occluded>
		<bndbox>
			<xmin>679</xmin>
			<xmax>931</xmax>
			<ymin>324</ymin>
			<ymax>567</ymax>
		</bndbox>
	</object>
</annotation>
