<annotation>
	<folder></folder>
	<filename>normal4_jpg.rf.288abdf6b83df34259977f105846ca4a.jpg</filename>
	<path>normal4_jpg.rf.288abdf6b83df34259977f105846ca4a.jpg</path>
	<source>
		<database>roboflow.com</database>
	</source>
	<size>
		<width>1920</width>
		<height>1080</height>
		<depth>3</depth>
	</size>
	<segmented>0</segmented>
	<object>
		<name>normal</name>
		<pose>Unspecified</pose>
		<truncated>0</truncated>
		<difficult>0</difficult>
		<occluded>0</occluded>
		<bndbox>
			<xmin>868</xmin>
			<xmax>1118</xmax>
			<ymin>329</ymin>
			<ymax>585</ymax>
		</bndbox>
	</object>
</annotation>
