<annotation>
	<folder></folder>
	<filename>normal3_jpg.rf.7e4c743a9240396241f0e413bd7d70e9.jpg</filename>
	<path>normal3_jpg.rf.7e4c743a9240396241f0e413bd7d70e9.jpg</path>
	<source>
		<database>roboflow.com</database>
	</source>
	<size>
		<width>1920</width>
		<height>1080</height>
		<depth>3</depth>
	</size>
	<segmented>0</segmented>
	<object>
		<name>abnormal</name>
		<pose>Unspecified</pose>
		<truncated>0</truncated>
		<difficult>0</difficult>
		<occluded>0</occluded>
		<bndbox>
			<xmin>849</xmin>
			<xmax>1111</xmax>
			<ymin>725</ymin>
			<ymax>956</ymax>
		</bndbox>
	</object>
</annotation>
