<annotation>
	<folder></folder>
	<filename>normal13_jpg.rf.47aaa75e647430a8739e9364497ea95a.jpg</filename>
	<path>normal13_jpg.rf.47aaa75e647430a8739e9364497ea95a.jpg</path>
	<source>
		<database>roboflow.com</database>
	</source>
	<size>
		<width>1920</width>
		<height>1080</height>
		<depth>3</depth>
	</size>
	<segmented>0</segmented>
	<object>
		<name>abnormal</name>
		<pose>Unspecified</pose>
		<truncated>0</truncated>
		<difficult>0</difficult>
		<occluded>0</occluded>
		<bndbox>
			<xmin>941</xmin>
			<xmax>1176</xmax>
			<ymin>544</ymin>
			<ymax>764</ymax>
		</bndbox>
	</object>
</annotation>
