<annotation>
	<folder></folder>
	<filename>normal1_jpg.rf.726b821b81a71b00799763135704b53c.jpg</filename>
	<path>normal1_jpg.rf.726b821b81a71b00799763135704b53c.jpg</path>
	<source>
		<database>roboflow.com</database>
	</source>
	<size>
		<width>1920</width>
		<height>1080</height>
		<depth>3</depth>
	</size>
	<segmented>0</segmented>
	<object>
		<name>abnormal</name>
		<pose>Unspecified</pose>
		<truncated>0</truncated>
		<difficult>0</difficult>
		<occluded>0</occluded>
		<bndbox>
			<xmin>636</xmin>
			<xmax>948</xmax>
			<ymin>310</ymin>
			<ymax>561</ymax>
		</bndbox>
	</object>
</annotation>
