<annotation>
	<folder></folder>
	<filename>normal17_jpg.rf.619f9c45bb15130c725b15c65eb9ff23.jpg</filename>
	<path>normal17_jpg.rf.619f9c45bb15130c725b15c65eb9ff23.jpg</path>
	<source>
		<database>roboflow.com</database>
	</source>
	<size>
		<width>1920</width>
		<height>1080</height>
		<depth>3</depth>
	</size>
	<segmented>0</segmented>
	<object>
		<name>abnormal</name>
		<pose>Unspecified</pose>
		<truncated>0</truncated>
		<difficult>0</difficult>
		<occluded>0</occluded>
		<bndbox>
			<xmin>987</xmin>
			<xmax>1238</xmax>
			<ymin>573</ymin>
			<ymax>838</ymax>
		</bndbox>
	</object>
</annotation>
