<annotation>
	<folder></folder>
	<filename>normal34_jpg.rf.a812ea6e369776bd2e3bece560d10e25.jpg</filename>
	<path>normal34_jpg.rf.a812ea6e369776bd2e3bece560d10e25.jpg</path>
	<source>
		<database>roboflow.com</database>
	</source>
	<size>
		<width>1920</width>
		<height>1080</height>
		<depth>3</depth>
	</size>
	<segmented>0</segmented>
	<object>
		<name>normal</name>
		<pose>Unspecified</pose>
		<truncated>0</truncated>
		<difficult>0</difficult>
		<occluded>0</occluded>
		<bndbox>
			<xmin>956</xmin>
			<xmax>1177</xmax>
			<ymin>424</ymin>
			<ymax>639</ymax>
		</bndbox>
	</object>
</annotation>
