<annotation>
	<folder></folder>
	<filename>normal19_jpg.rf.4cdba885edecb400509280925f9e9cd9.jpg</filename>
	<path>normal19_jpg.rf.4cdba885edecb400509280925f9e9cd9.jpg</path>
	<source>
		<database>roboflow.com</database>
	</source>
	<size>
		<width>1920</width>
		<height>1080</height>
		<depth>3</depth>
	</size>
	<segmented>0</segmented>
	<object>
		<name>abnormal</name>
		<pose>Unspecified</pose>
		<truncated>0</truncated>
		<difficult>0</difficult>
		<occluded>0</occluded>
		<bndbox>
			<xmin>765</xmin>
			<xmax>1034</xmax>
			<ymin>333</ymin>
			<ymax>580</ymax>
		</bndbox>
	</object>
</annotation>
