<annotation>
	<folder></folder>
	<filename>normal6_jpg.rf.a57224948c0185caebd2703650ed04a8.jpg</filename>
	<path>normal6_jpg.rf.a57224948c0185caebd2703650ed04a8.jpg</path>
	<source>
		<database>roboflow.com</database>
	</source>
	<size>
		<width>1920</width>
		<height>1080</height>
		<depth>3</depth>
	</size>
	<segmented>0</segmented>
	<object>
		<name>abnormal</name>
		<pose>Unspecified</pose>
		<truncated>0</truncated>
		<difficult>0</difficult>
		<occluded>0</occluded>
		<bndbox>
			<xmin>996</xmin>
			<xmax>1241</xmax>
			<ymin>318</ymin>
			<ymax>581</ymax>
		</bndbox>
	</object>
</annotation>
