<annotation>
	<folder></folder>
	<filename>normal4_jpg.rf.193c18663e0750bbba9679f6c7caf78e.jpg</filename>
	<path>normal4_jpg.rf.193c18663e0750bbba9679f6c7caf78e.jpg</path>
	<source>
		<database>roboflow.com</database>
	</source>
	<size>
		<width>1920</width>
		<height>1080</height>
		<depth>3</depth>
	</size>
	<segmented>0</segmented>
	<object>
		<name>normal</name>
		<pose>Unspecified</pose>
		<truncated>0</truncated>
		<difficult>0</difficult>
		<occluded>0</occluded>
		<bndbox>
			<xmin>885</xmin>
			<xmax>1116</xmax>
			<ymin>341</ymin>
			<ymax>579</ymax>
		</bndbox>
	</object>
</annotation>
