<annotation>
	<folder></folder>
	<filename>normal9_jpg.rf.4c75f89f9040cbd1be947f592c442eef.jpg</filename>
	<path>normal9_jpg.rf.4c75f89f9040cbd1be947f592c442eef.jpg</path>
	<source>
		<database>roboflow.com</database>
	</source>
	<size>
		<width>1920</width>
		<height>1080</height>
		<depth>3</depth>
	</size>
	<segmented>0</segmented>
	<object>
		<name>abnormal</name>
		<pose>Unspecified</pose>
		<truncated>0</truncated>
		<difficult>0</difficult>
		<occluded>0</occluded>
		<bndbox>
			<xmin>689</xmin>
			<xmax>926</xmax>
			<ymin>393</ymin>
			<ymax>615</ymax>
		</bndbox>
	</object>
</annotation>
