<annotation>
	<folder></folder>
	<filename>normal12_jpg.rf.75e96ea84bca0ab2c8f382115410dff9.jpg</filename>
	<path>normal12_jpg.rf.75e96ea84bca0ab2c8f382115410dff9.jpg</path>
	<source>
		<database>roboflow.com</database>
	</source>
	<size>
		<width>1920</width>
		<height>1080</height>
		<depth>3</depth>
	</size>
	<segmented>0</segmented>
	<object>
		<name>normal</name>
		<pose>Unspecified</pose>
		<truncated>0</truncated>
		<difficult>0</difficult>
		<occluded>0</occluded>
		<bndbox>
			<xmin>951</xmin>
			<xmax>1174</xmax>
			<ymin>398</ymin>
			<ymax>625</ymax>
		</bndbox>
	</object>
</annotation>
