<annotation>
	<folder></folder>
	<filename>normal27_jpg.rf.69c148a224637275aebc7b0a27a82ffd.jpg</filename>
	<path>normal27_jpg.rf.69c148a224637275aebc7b0a27a82ffd.jpg</path>
	<source>
		<database>roboflow.com</database>
	</source>
	<size>
		<width>1920</width>
		<height>1080</height>
		<depth>3</depth>
	</size>
	<segmented>0</segmented>
	<object>
		<name>normal</name>
		<pose>Unspecified</pose>
		<truncated>0</truncated>
		<difficult>0</difficult>
		<occluded>0</occluded>
		<bndbox>
			<xmin>968</xmin>
			<xmax>1222</xmax>
			<ymin>222</ymin>
			<ymax>473</ymax>
		</bndbox>
	</object>
</annotation>
