<annotation>
	<folder></folder>
	<filename>normal6_jpg.rf.86d7647b5d39589117aae39a60c9446c.jpg</filename>
	<path>normal6_jpg.rf.86d7647b5d39589117aae39a60c9446c.jpg</path>
	<source>
		<database>roboflow.com</database>
	</source>
	<size>
		<width>1920</width>
		<height>1080</height>
		<depth>3</depth>
	</size>
	<segmented>0</segmented>
	<object>
		<name>normal</name>
		<pose>Unspecified</pose>
		<truncated>0</truncated>
		<difficult>0</difficult>
		<occluded>0</occluded>
		<bndbox>
			<xmin>825</xmin>
			<xmax>1049</xmax>
			<ymin>279</ymin>
			<ymax>495</ymax>
		</bndbox>
	</object>
</annotation>
