<annotation>
	<folder></folder>
	<filename>normal6_jpg.rf.a7a3365b5178cc1b48963ebb4721ae63.jpg</filename>
	<path>normal6_jpg.rf.a7a3365b5178cc1b48963ebb4721ae63.jpg</path>
	<source>
		<database>roboflow.com</database>
	</source>
	<size>
		<width>1920</width>
		<height>1080</height>
		<depth>3</depth>
	</size>
	<segmented>0</segmented>
	<object>
		<name>normal</name>
		<pose>Unspecified</pose>
		<truncated>0</truncated>
		<difficult>0</difficult>
		<occluded>0</occluded>
		<bndbox>
			<xmin>794</xmin>
			<xmax>1043</xmax>
			<ymin>271</ymin>
			<ymax>513</ymax>
		</bndbox>
	</object>
</annotation>
