<annotation>
	<folder></folder>
	<filename>normal13_jpg.rf.84b5fb0f988f9456f67900bd2df6d135.jpg</filename>
	<path>normal13_jpg.rf.84b5fb0f988f9456f67900bd2df6d135.jpg</path>
	<source>
		<database>roboflow.com</database>
	</source>
	<size>
		<width>1920</width>
		<height>1080</height>
		<depth>3</depth>
	</size>
	<segmented>0</segmented>
	<object>
		<name>abnormal</name>
		<pose>Unspecified</pose>
		<truncated>0</truncated>
		<difficult>0</difficult>
		<occluded>0</occluded>
		<bndbox>
			<xmin>714</xmin>
			<xmax>981</xmax>
			<ymin>317</ymin>
			<ymax>572</ymax>
		</bndbox>
	</object>
</annotation>
