<annotation>
	<folder></folder>
	<filename>normal44_jpg.rf.63bed032ae7ce236b5b1240b5568188c.jpg</filename>
	<path>normal44_jpg.rf.63bed032ae7ce236b5b1240b5568188c.jpg</path>
	<source>
		<database>roboflow.com</database>
	</source>
	<size>
		<width>1920</width>
		<height>1080</height>
		<depth>3</depth>
	</size>
	<segmented>0</segmented>
	<object>
		<name>normal</name>
		<pose>Unspecified</pose>
		<truncated>0</truncated>
		<difficult>0</difficult>
		<occluded>0</occluded>
		<bndbox>
			<xmin>925</xmin>
			<xmax>1187</xmax>
			<ymin>238</ymin>
			<ymax>500</ymax>
		</bndbox>
	</object>
</annotation>
