<annotation>
	<folder></folder>
	<filename>normal2_jpg.rf.758ac8a21b5b410a5a1d320d69d9d90d.jpg</filename>
	<path>normal2_jpg.rf.758ac8a21b5b410a5a1d320d69d9d90d.jpg</path>
	<source>
		<database>roboflow.com</database>
	</source>
	<size>
		<width>1920</width>
		<height>1080</height>
		<depth>3</depth>
	</size>
	<segmented>0</segmented>
	<object>
		<name>normal</name>
		<pose>Unspecified</pose>
		<truncated>0</truncated>
		<difficult>0</difficult>
		<occluded>0</occluded>
		<bndbox>
			<xmin>459</xmin>
			<xmax>730</xmax>
			<ymin>319</ymin>
			<ymax>563</ymax>
		</bndbox>
	</object>
</annotation>
