<annotation>
	<folder></folder>
	<filename>normal16_jpg.rf.3bfb5a41ddbe7fbe2fbfc3c8b2f370a4.jpg</filename>
	<path>normal16_jpg.rf.3bfb5a41ddbe7fbe2fbfc3c8b2f370a4.jpg</path>
	<source>
		<database>roboflow.com</database>
	</source>
	<size>
		<width>1920</width>
		<height>1080</height>
		<depth>3</depth>
	</size>
	<segmented>0</segmented>
	<object>
		<name>abnormal</name>
		<pose>Unspecified</pose>
		<truncated>0</truncated>
		<difficult>0</difficult>
		<occluded>0</occluded>
		<bndbox>
			<xmin>715</xmin>
			<xmax>954</xmax>
			<ymin>284</ymin>
			<ymax>584</ymax>
		</bndbox>
	</object>
</annotation>
