<annotation>
	<folder></folder>
	<filename>normal20_jpg.rf.ce132d0505fd3015aa89cb5629a4f5fc.jpg</filename>
	<path>normal20_jpg.rf.ce132d0505fd3015aa89cb5629a4f5fc.jpg</path>
	<source>
		<database>roboflow.com</database>
	</source>
	<size>
		<width>1920</width>
		<height>1080</height>
		<depth>3</depth>
	</size>
	<segmented>0</segmented>
	<object>
		<name>normal</name>
		<pose>Unspecified</pose>
		<truncated>0</truncated>
		<difficult>0</difficult>
		<occluded>0</occluded>
		<bndbox>
			<xmin>894</xmin>
			<xmax>1116</xmax>
			<ymin>333</ymin>
			<ymax>563</ymax>
		</bndbox>
	</object>
</annotation>
