<annotation>
	<folder></folder>
	<filename>normal1_jpg.rf.df804b5d48973070826f41bce444b9dc.jpg</filename>
	<path>normal1_jpg.rf.df804b5d48973070826f41bce444b9dc.jpg</path>
	<source>
		<database>roboflow.com</database>
	</source>
	<size>
		<width>1920</width>
		<height>1080</height>
		<depth>3</depth>
	</size>
	<segmented>0</segmented>
	<object>
		<name>abnormal</name>
		<pose>Unspecified</pose>
		<truncated>0</truncated>
		<difficult>0</difficult>
		<occluded>0</occluded>
		<bndbox>
			<xmin>982</xmin>
			<xmax>1286</xmax>
			<ymin>520</ymin>
			<ymax>761</ymax>
		</bndbox>
	</object>
</annotation>
