<annotation>
	<folder></folder>
	<filename>normal40_jpg.rf.93b398f92fd783d517c933eac8dc29f0.jpg</filename>
	<path>normal40_jpg.rf.93b398f92fd783d517c933eac8dc29f0.jpg</path>
	<source>
		<database>roboflow.com</database>
	</source>
	<size>
		<width>1920</width>
		<height>1080</height>
		<depth>3</depth>
	</size>
	<segmented>0</segmented>
	<object>
		<name>normal</name>
		<pose>Unspecified</pose>
		<truncated>0</truncated>
		<difficult>0</difficult>
		<occluded>0</occluded>
		<bndbox>
			<xmin>1034</xmin>
			<xmax>1276</xmax>
			<ymin>306</ymin>
			<ymax>552</ymax>
		</bndbox>
	</object>
</annotation>
