<annotation>
	<folder></folder>
	<filename>normal9_jpg.rf.955f8ac573ebfbace974f61e726e7cf6.jpg</filename>
	<path>normal9_jpg.rf.955f8ac573ebfbace974f61e726e7cf6.jpg</path>
	<source>
		<database>roboflow.com</database>
	</source>
	<size>
		<width>1920</width>
		<height>1080</height>
		<depth>3</depth>
	</size>
	<segmented>0</segmented>
	<object>
		<name>normal</name>
		<pose>Unspecified</pose>
		<truncated>0</truncated>
		<difficult>0</difficult>
		<occluded>0</occluded>
		<bndbox>
			<xmin>616</xmin>
			<xmax>841</xmax>
			<ymin>448</ymin>
			<ymax>659</ymax>
		</bndbox>
	</object>
</annotation>
