<annotation>
	<folder></folder>
	<filename>normal16_jpg.rf.4fa9e7b056346e1c5e0540cc9c5c26a9.jpg</filename>
	<path>normal16_jpg.rf.4fa9e7b056346e1c5e0540cc9c5c26a9.jpg</path>
	<source>
		<database>roboflow.com</database>
	</source>
	<size>
		<width>1920</width>
		<height>1080</height>
		<depth>3</depth>
	</size>
	<segmented>0</segmented>
	<object>
		<name>abnormal</name>
		<pose>Unspecified</pose>
		<truncated>0</truncated>
		<difficult>0</difficult>
		<occluded>0</occluded>
		<bndbox>
			<xmin>728</xmin>
			<xmax>952</xmax>
			<ymin>283</ymin>
			<ymax>571</ymax>
		</bndbox>
	</object>
</annotation>
