<annotation>
	<folder></folder>
	<filename>normal3_jpg.rf.21d02b6e1e50da42a0bd3b3dd68aac3d.jpg</filename>
	<path>normal3_jpg.rf.21d02b6e1e50da42a0bd3b3dd68aac3d.jpg</path>
	<source>
		<database>roboflow.com</database>
	</source>
	<size>
		<width>1920</width>
		<height>1080</height>
		<depth>3</depth>
	</size>
	<segmented>0</segmented>
	<object>
		<name>normal</name>
		<pose>Unspecified</pose>
		<truncated>0</truncated>
		<difficult>0</difficult>
		<occluded>0</occluded>
		<bndbox>
			<xmin>736</xmin>
			<xmax>967</xmax>
			<ymin>253</ymin>
			<ymax>487</ymax>
		</bndbox>
	</object>
</annotation>
