<annotation>
	<folder></folder>
	<filename>normal15_jpg.rf.3e23d7cd7d868c69a9dcd869c1e07f0d.jpg</filename>
	<path>normal15_jpg.rf.3e23d7cd7d868c69a9dcd869c1e07f0d.jpg</path>
	<source>
		<database>roboflow.com</database>
	</source>
	<size>
		<width>1920</width>
		<height>1080</height>
		<depth>3</depth>
	</size>
	<segmented>0</segmented>
	<object>
		<name>normal</name>
		<pose>Unspecified</pose>
		<truncated>0</truncated>
		<difficult>0</difficult>
		<occluded>0</occluded>
		<bndbox>
			<xmin>886</xmin>
			<xmax>1148</xmax>
			<ymin>342</ymin>
			<ymax>602</ymax>
		</bndbox>
	</object>
</annotation>
