<annotation>
	<folder></folder>
	<filename>normal16_jpg.rf.66b638a89eefefba26d60f771b498136.jpg</filename>
	<path>normal16_jpg.rf.66b638a89eefefba26d60f771b498136.jpg</path>
	<source>
		<database>roboflow.com</database>
	</source>
	<size>
		<width>1920</width>
		<height>1080</height>
		<depth>3</depth>
	</size>
	<segmented>0</segmented>
	<object>
		<name>abnormal</name>
		<pose>Unspecified</pose>
		<truncated>0</truncated>
		<difficult>0</difficult>
		<occluded>0</occluded>
		<bndbox>
			<xmin>970</xmin>
			<xmax>1194</xmax>
			<ymin>511</ymin>
			<ymax>799</ymax>
		</bndbox>
	</object>
</annotation>
