<annotation>
	<folder></folder>
	<filename>normal31_jpg.rf.7e53070a763c3d14a3404e2a2981e0fc.jpg</filename>
	<path>normal31_jpg.rf.7e53070a763c3d14a3404e2a2981e0fc.jpg</path>
	<source>
		<database>roboflow.com</database>
	</source>
	<size>
		<width>1920</width>
		<height>1080</height>
		<depth>3</depth>
	</size>
	<segmented>0</segmented>
	<object>
		<name>normal</name>
		<pose>Unspecified</pose>
		<truncated>0</truncated>
		<difficult>0</difficult>
		<occluded>0</occluded>
		<bndbox>
			<xmin>658</xmin>
			<xmax>910</xmax>
			<ymin>197</ymin>
			<ymax>453</ymax>
		</bndbox>
	</object>
</annotation>
