<annotation>
	<folder></folder>
	<filename>normal14_jpg.rf.0c82fc1134fb821134ecdc9b93fa145d.jpg</filename>
	<path>normal14_jpg.rf.0c82fc1134fb821134ecdc9b93fa145d.jpg</path>
	<source>
		<database>roboflow.com</database>
	</source>
	<size>
		<width>1920</width>
		<height>1080</height>
		<depth>3</depth>
	</size>
	<segmented>0</segmented>
	<object>
		<name>normal</name>
		<pose>Unspecified</pose>
		<truncated>0</truncated>
		<difficult>0</difficult>
		<occluded>0</occluded>
		<bndbox>
			<xmin>745</xmin>
			<xmax>965</xmax>
			<ymin>81</ymin>
			<ymax>319</ymax>
		</bndbox>
	</object>
</annotation>
