<annotation>
	<folder></folder>
	<filename>normal33_jpg.rf.2a6bfa615e82dea47dbdbd7d4b50d360.jpg</filename>
	<path>normal33_jpg.rf.2a6bfa615e82dea47dbdbd7d4b50d360.jpg</path>
	<source>
		<database>roboflow.com</database>
	</source>
	<size>
		<width>1920</width>
		<height>1080</height>
		<depth>3</depth>
	</size>
	<segmented>0</segmented>
	<object>
		<name>normal</name>
		<pose>Unspecified</pose>
		<truncated>0</truncated>
		<difficult>0</difficult>
		<occluded>0</occluded>
		<bndbox>
			<xmin>835</xmin>
			<xmax>1064</xmax>
			<ymin>297</ymin>
			<ymax>534</ymax>
		</bndbox>
	</object>
</annotation>
