<annotation>
	<folder></folder>
	<filename>normal38_jpg.rf.ba153ae0b9ae1d0e3a64b24af775b809.jpg</filename>
	<path>normal38_jpg.rf.ba153ae0b9ae1d0e3a64b24af775b809.jpg</path>
	<source>
		<database>roboflow.com</database>
	</source>
	<size>
		<width>1920</width>
		<height>1080</height>
		<depth>3</depth>
	</size>
	<segmented>0</segmented>
	<object>
		<name>normal</name>
		<pose>Unspecified</pose>
		<truncated>0</truncated>
		<difficult>0</difficult>
		<occluded>0</occluded>
		<bndbox>
			<xmin>773</xmin>
			<xmax>985</xmax>
			<ymin>561</ymin>
			<ymax>786</ymax>
		</bndbox>
	</object>
</annotation>
