<annotation>
	<folder></folder>
	<filename>normal18_jpg.rf.ec98904b036032fc67ece01175810755.jpg</filename>
	<path>normal18_jpg.rf.ec98904b036032fc67ece01175810755.jpg</path>
	<source>
		<database>roboflow.com</database>
	</source>
	<size>
		<width>1920</width>
		<height>1080</height>
		<depth>3</depth>
	</size>
	<segmented>0</segmented>
	<object>
		<name>normal</name>
		<pose>Unspecified</pose>
		<truncated>0</truncated>
		<difficult>0</difficult>
		<occluded>0</occluded>
		<bndbox>
			<xmin>802</xmin>
			<xmax>1030</xmax>
			<ymin>299</ymin>
			<ymax>527</ymax>
		</bndbox>
	</object>
</annotation>
