<annotation>
	<folder></folder>
	<filename>normal14_jpg.rf.c9d818877d4ceed8d16e82f9a72eded4.jpg</filename>
	<path>normal14_jpg.rf.c9d818877d4ceed8d16e82f9a72eded4.jpg</path>
	<source>
		<database>roboflow.com</database>
	</source>
	<size>
		<width>1920</width>
		<height>1080</height>
		<depth>3</depth>
	</size>
	<segmented>0</segmented>
	<object>
		<name>abnormal</name>
		<pose>Unspecified</pose>
		<truncated>0</truncated>
		<difficult>0</difficult>
		<occluded>0</occluded>
		<bndbox>
			<xmin>701</xmin>
			<xmax>969</xmax>
			<ymin>248</ymin>
			<ymax>528</ymax>
		</bndbox>
	</object>
</annotation>
