<annotation>
	<folder></folder>
	<filename>normal19_jpg.rf.d9d74bdb7303f570efcad16948afac6f.jpg</filename>
	<path>normal19_jpg.rf.d9d74bdb7303f570efcad16948afac6f.jpg</path>
	<source>
		<database>roboflow.com</database>
	</source>
	<size>
		<width>1920</width>
		<height>1080</height>
		<depth>3</depth>
	</size>
	<segmented>0</segmented>
	<object>
		<name>abnormal</name>
		<pose>Unspecified</pose>
		<truncated>0</truncated>
		<difficult>0</difficult>
		<occluded>0</occluded>
		<bndbox>
			<xmin>778</xmin>
			<xmax>1033</xmax>
			<ymin>336</ymin>
			<ymax>568</ymax>
		</bndbox>
	</object>
</annotation>
