<annotation>
	<folder></folder>
	<filename>normal3_jpg.rf.09c8214135f3a1f6c6765d4416ddc805.jpg</filename>
	<path>normal3_jpg.rf.09c8214135f3a1f6c6765d4416ddc805.jpg</path>
	<source>
		<database>roboflow.com</database>
	</source>
	<size>
		<width>1920</width>
		<height>1080</height>
		<depth>3</depth>
	</size>
	<segmented>0</segmented>
	<object>
		<name>normal</name>
		<pose>Unspecified</pose>
		<truncated>0</truncated>
		<difficult>0</difficult>
		<occluded>0</occluded>
		<bndbox>
			<xmin>735</xmin>
			<xmax>963</xmax>
			<ymin>257</ymin>
			<ymax>487</ymax>
		</bndbox>
	</object>
</annotation>
