<annotation>
	<folder></folder>
	<filename>normal20_jpg.rf.31d8301d3a53123407db2061f58d89d0.jpg</filename>
	<path>normal20_jpg.rf.31d8301d3a53123407db2061f58d89d0.jpg</path>
	<source>
		<database>roboflow.com</database>
	</source>
	<size>
		<width>1920</width>
		<height>1080</height>
		<depth>3</depth>
	</size>
	<segmented>0</segmented>
	<object>
		<name>abnormal</name>
		<pose>Unspecified</pose>
		<truncated>0</truncated>
		<difficult>0</difficult>
		<occluded>0</occluded>
		<bndbox>
			<xmin>664</xmin>
			<xmax>929</xmax>
			<ymin>289</ymin>
			<ymax>568</ymax>
		</bndbox>
	</object>
</annotation>
