<annotation>
	<folder></folder>
	<filename>normal28_jpg.rf.8d368813123a2f6b6e51a2a549c798a0.jpg</filename>
	<path>normal28_jpg.rf.8d368813123a2f6b6e51a2a549c798a0.jpg</path>
	<source>
		<database>roboflow.com</database>
	</source>
	<size>
		<width>1920</width>
		<height>1080</height>
		<depth>3</depth>
	</size>
	<segmented>0</segmented>
	<object>
		<name>normal</name>
		<pose>Unspecified</pose>
		<truncated>0</truncated>
		<difficult>0</difficult>
		<occluded>0</occluded>
		<bndbox>
			<xmin>454</xmin>
			<xmax>690</xmax>
			<ymin>650</ymin>
			<ymax>884</ymax>
		</bndbox>
	</object>
</annotation>
