<annotation>
	<folder></folder>
	<filename>normal33_jpg.rf.32ed48bdce552fc0268d63597cde89a4.jpg</filename>
	<path>normal33_jpg.rf.32ed48bdce552fc0268d63597cde89a4.jpg</path>
	<source>
		<database>roboflow.com</database>
	</source>
	<size>
		<width>1920</width>
		<height>1080</height>
		<depth>3</depth>
	</size>
	<segmented>0</segmented>
	<object>
		<name>abnormal</name>
		<pose>Unspecified</pose>
		<truncated>0</truncated>
		<difficult>0</difficult>
		<occluded>0</occluded>
		<bndbox>
			<xmin>903</xmin>
			<xmax>1121</xmax>
			<ymin>245</ymin>
			<ymax>474</ymax>
		</bndbox>
	</object>
</annotation>
