<annotation>
	<folder></folder>
	<filename>normal20_jpg.rf.49b02db2e496b93c61622841960445a2.jpg</filename>
	<path>normal20_jpg.rf.49b02db2e496b93c61622841960445a2.jpg</path>
	<source>
		<database>roboflow.com</database>
	</source>
	<size>
		<width>1920</width>
		<height>1080</height>
		<depth>3</depth>
	</size>
	<segmented>0</segmented>
	<object>
		<name>abnormal</name>
		<pose>Unspecified</pose>
		<truncated>0</truncated>
		<difficult>0</difficult>
		<occluded>0</occluded>
		<bndbox>
			<xmin>697</xmin>
			<xmax>930</xmax>
			<ymin>282</ymin>
			<ymax>532</ymax>
		</bndbox>
	</object>
</annotation>
