<annotation>
	<folder></folder>
	<filename>normal14_jpg.rf.21b66c847b1bdbdcc3108c03e8c04ff4.jpg</filename>
	<path>normal14_jpg.rf.21b66c847b1bdbdcc3108c03e8c04ff4.jpg</path>
	<source>
		<database>roboflow.com</database>
	</source>
	<size>
		<width>1920</width>
		<height>1080</height>
		<depth>3</depth>
	</size>
	<segmented>0</segmented>
	<object>
		<name>abnormal</name>
		<pose>Unspecified</pose>
		<truncated>0</truncated>
		<difficult>0</difficult>
		<occluded>0</occluded>
		<bndbox>
			<xmin>667</xmin>
			<xmax>928</xmax>
			<ymin>292</ymin>
			<ymax>565</ymax>
		</bndbox>
	</object>
</annotation>
