<annotation>
	<folder></folder>
	<filename>normal37_jpg.rf.db3f9a5144746db2849c24867d9f4a08.jpg</filename>
	<path>normal37_jpg.rf.db3f9a5144746db2849c24867d9f4a08.jpg</path>
	<source>
		<database>roboflow.com</database>
	</source>
	<size>
		<width>1920</width>
		<height>1080</height>
		<depth>3</depth>
	</size>
	<segmented>0</segmented>
	<object>
		<name>normal</name>
		<pose>Unspecified</pose>
		<truncated>0</truncated>
		<difficult>0</difficult>
		<occluded>0</occluded>
		<bndbox>
			<xmin>865</xmin>
			<xmax>1097</xmax>
			<ymin>313</ymin>
			<ymax>537</ymax>
		</bndbox>
	</object>
</annotation>
