<annotation>
	<folder></folder>
	<filename>normal20_jpg.rf.17cd5dffb28f1a6420f0cfeb48e2989d.jpg</filename>
	<path>normal20_jpg.rf.17cd5dffb28f1a6420f0cfeb48e2989d.jpg</path>
	<source>
		<database>roboflow.com</database>
	</source>
	<size>
		<width>1920</width>
		<height>1080</height>
		<depth>3</depth>
	</size>
	<segmented>0</segmented>
	<object>
		<name>abnormal</name>
		<pose>Unspecified</pose>
		<truncated>0</truncated>
		<difficult>0</difficult>
		<occluded>0</occluded>
		<bndbox>
			<xmin>712</xmin>
			<xmax>994</xmax>
			<ymin>226</ymin>
			<ymax>520</ymax>
		</bndbox>
	</object>
</annotation>
