<annotation>
	<folder></folder>
	<filename>normal21_jpg.rf.44079203739755c31c1b546d0678d297.jpg</filename>
	<path>normal21_jpg.rf.44079203739755c31c1b546d0678d297.jpg</path>
	<source>
		<database>roboflow.com</database>
	</source>
	<size>
		<width>1920</width>
		<height>1080</height>
		<depth>3</depth>
	</size>
	<segmented>0</segmented>
	<object>
		<name>normal</name>
		<pose>Unspecified</pose>
		<truncated>0</truncated>
		<difficult>0</difficult>
		<occluded>0</occluded>
		<bndbox>
			<xmin>686</xmin>
			<xmax>921</xmax>
			<ymin>521</ymin>
			<ymax>759</ymax>
		</bndbox>
	</object>
</annotation>
