<annotation>
	<folder></folder>
	<filename>normal43_jpg.rf.cbd3092f59567ecd74a4d60395308df8.jpg</filename>
	<path>normal43_jpg.rf.cbd3092f59567ecd74a4d60395308df8.jpg</path>
	<source>
		<database>roboflow.com</database>
	</source>
	<size>
		<width>1920</width>
		<height>1080</height>
		<depth>3</depth>
	</size>
	<segmented>0</segmented>
	<object>
		<name>normal</name>
		<pose>Unspecified</pose>
		<truncated>0</truncated>
		<difficult>0</difficult>
		<occluded>0</occluded>
		<bndbox>
			<xmin>593</xmin>
			<xmax>828</xmax>
			<ymin>278</ymin>
			<ymax>494</ymax>
		</bndbox>
	</object>
</annotation>
