<annotation>
	<folder></folder>
	<filename>normal24_jpg.rf.d57a82fb5c6cafc8e030e28d55057a7f.jpg</filename>
	<path>normal24_jpg.rf.d57a82fb5c6cafc8e030e28d55057a7f.jpg</path>
	<source>
		<database>roboflow.com</database>
	</source>
	<size>
		<width>1920</width>
		<height>1080</height>
		<depth>3</depth>
	</size>
	<segmented>0</segmented>
	<object>
		<name>normal</name>
		<pose>Unspecified</pose>
		<truncated>0</truncated>
		<difficult>0</difficult>
		<occluded>0</occluded>
		<bndbox>
			<xmin>414</xmin>
			<xmax>677</xmax>
			<ymin>228</ymin>
			<ymax>486</ymax>
		</bndbox>
	</object>
</annotation>
