<annotation>
	<folder></folder>
	<filename>normal29_jpg.rf.5aa7cd7d6c30fe6434da6cd4f66c344f.jpg</filename>
	<path>normal29_jpg.rf.5aa7cd7d6c30fe6434da6cd4f66c344f.jpg</path>
	<source>
		<database>roboflow.com</database>
	</source>
	<size>
		<width>1920</width>
		<height>1080</height>
		<depth>3</depth>
	</size>
	<segmented>0</segmented>
	<object>
		<name>abnormal</name>
		<pose>Unspecified</pose>
		<truncated>0</truncated>
		<difficult>0</difficult>
		<occluded>0</occluded>
		<bndbox>
			<xmin>903</xmin>
			<xmax>1128</xmax>
			<ymin>314</ymin>
			<ymax>530</ymax>
		</bndbox>
	</object>
</annotation>
