<annotation>
	<folder></folder>
	<filename>normal21_jpg.rf.3f9587e90153cdcd265f56e8c6e62ebc.jpg</filename>
	<path>normal21_jpg.rf.3f9587e90153cdcd265f56e8c6e62ebc.jpg</path>
	<source>
		<database>roboflow.com</database>
	</source>
	<size>
		<width>1920</width>
		<height>1080</height>
		<depth>3</depth>
	</size>
	<segmented>0</segmented>
	<object>
		<name>abnormal</name>
		<pose>Unspecified</pose>
		<truncated>0</truncated>
		<difficult>0</difficult>
		<occluded>0</occluded>
		<bndbox>
			<xmin>711</xmin>
			<xmax>933</xmax>
			<ymin>312</ymin>
			<ymax>519</ymax>
		</bndbox>
	</object>
</annotation>
