<annotation>
	<folder></folder>
	<filename>normal42_jpg.rf.4869284a2b79705076e6913382de2125.jpg</filename>
	<path>normal42_jpg.rf.4869284a2b79705076e6913382de2125.jpg</path>
	<source>
		<database>roboflow.com</database>
	</source>
	<size>
		<width>1920</width>
		<height>1080</height>
		<depth>3</depth>
	</size>
	<segmented>0</segmented>
	<object>
		<name>normal</name>
		<pose>Unspecified</pose>
		<truncated>0</truncated>
		<difficult>0</difficult>
		<occluded>0</occluded>
		<bndbox>
			<xmin>1143</xmin>
			<xmax>1366</xmax>
			<ymin>296</ymin>
			<ymax>524</ymax>
		</bndbox>
	</object>
</annotation>
