<annotation>
	<folder></folder>
	<filename>normal14_jpg.rf.bfb00cf6b7ab12ade135840666b59830.jpg</filename>
	<path>normal14_jpg.rf.bfb00cf6b7ab12ade135840666b59830.jpg</path>
	<source>
		<database>roboflow.com</database>
	</source>
	<size>
		<width>1920</width>
		<height>1080</height>
		<depth>3</depth>
	</size>
	<segmented>0</segmented>
	<object>
		<name>normal</name>
		<pose>Unspecified</pose>
		<truncated>0</truncated>
		<difficult>0</difficult>
		<occluded>0</occluded>
		<bndbox>
			<xmin>761</xmin>
			<xmax>985</xmax>
			<ymin>74</ymin>
			<ymax>316</ymax>
		</bndbox>
	</object>
</annotation>
