<annotation>
	<folder></folder>
	<filename>normal5_jpg.rf.b713347b6cc2a3fc743eae35a7694a05.jpg</filename>
	<path>normal5_jpg.rf.b713347b6cc2a3fc743eae35a7694a05.jpg</path>
	<source>
		<database>roboflow.com</database>
	</source>
	<size>
		<width>1920</width>
		<height>1080</height>
		<depth>3</depth>
	</size>
	<segmented>0</segmented>
	<object>
		<name>abnormal</name>
		<pose>Unspecified</pose>
		<truncated>0</truncated>
		<difficult>0</difficult>
		<occluded>0</occluded>
		<bndbox>
			<xmin>507</xmin>
			<xmax>759</xmax>
			<ymin>337</ymin>
			<ymax>579</ymax>
		</bndbox>
	</object>
</annotation>
