<annotation>
	<folder></folder>
	<filename>normal15_jpg.rf.4452adbace36072825bf06f625568b9e.jpg</filename>
	<path>normal15_jpg.rf.4452adbace36072825bf06f625568b9e.jpg</path>
	<source>
		<database>roboflow.com</database>
	</source>
	<size>
		<width>1920</width>
		<height>1080</height>
		<depth>3</depth>
	</size>
	<segmented>0</segmented>
	<object>
		<name>abnormal</name>
		<pose>Unspecified</pose>
		<truncated>0</truncated>
		<difficult>0</difficult>
		<occluded>0</occluded>
		<bndbox>
			<xmin>686</xmin>
			<xmax>1008</xmax>
			<ymin>257</ymin>
			<ymax>525</ymax>
		</bndbox>
	</object>
</annotation>
