<annotation>
	<folder></folder>
	<filename>normal20_jpg.rf.8be67ff84b8d30de5c7382675b6a6503.jpg</filename>
	<path>normal20_jpg.rf.8be67ff84b8d30de5c7382675b6a6503.jpg</path>
	<source>
		<database>roboflow.com</database>
	</source>
	<size>
		<width>1920</width>
		<height>1080</height>
		<depth>3</depth>
	</size>
	<segmented>0</segmented>
	<object>
		<name>normal</name>
		<pose>Unspecified</pose>
		<truncated>0</truncated>
		<difficult>0</difficult>
		<occluded>0</occluded>
		<bndbox>
			<xmin>806</xmin>
			<xmax>1029</xmax>
			<ymin>519</ymin>
			<ymax>749</ymax>
		</bndbox>
	</object>
</annotation>
