<annotation>
	<folder></folder>
	<filename>normal25_jpg.rf.39cec8d752e11c16078a211354941df5.jpg</filename>
	<path>normal25_jpg.rf.39cec8d752e11c16078a211354941df5.jpg</path>
	<source>
		<database>roboflow.com</database>
	</source>
	<size>
		<width>1920</width>
		<height>1080</height>
		<depth>3</depth>
	</size>
	<segmented>0</segmented>
	<object>
		<name>abnormal</name>
		<pose>Unspecified</pose>
		<truncated>0</truncated>
		<difficult>0</difficult>
		<occluded>0</occluded>
		<bndbox>
			<xmin>811</xmin>
			<xmax>1041</xmax>
			<ymin>317</ymin>
			<ymax>545</ymax>
		</bndbox>
	</object>
</annotation>
