<annotation>
	<folder></folder>
	<filename>normal14_jpg.rf.9df26132d2a826608ec5126afab6c917.jpg</filename>
	<path>normal14_jpg.rf.9df26132d2a826608ec5126afab6c917.jpg</path>
	<source>
		<database>roboflow.com</database>
	</source>
	<size>
		<width>1920</width>
		<height>1080</height>
		<depth>3</depth>
	</size>
	<segmented>0</segmented>
	<object>
		<name>abnormal</name>
		<pose>Unspecified</pose>
		<truncated>0</truncated>
		<difficult>0</difficult>
		<occluded>0</occluded>
		<bndbox>
			<xmin>994</xmin>
			<xmax>1226</xmax>
			<ymin>549</ymin>
			<ymax>796</ymax>
		</bndbox>
	</object>
</annotation>
