<annotation>
	<folder></folder>
	<filename>normal27_jpg.rf.3b9d02e1e673fe142b4794ce26022a9e.jpg</filename>
	<path>normal27_jpg.rf.3b9d02e1e673fe142b4794ce26022a9e.jpg</path>
	<source>
		<database>roboflow.com</database>
	</source>
	<size>
		<width>1920</width>
		<height>1080</height>
		<depth>3</depth>
	</size>
	<segmented>0</segmented>
	<object>
		<name>normal</name>
		<pose>Unspecified</pose>
		<truncated>0</truncated>
		<difficult>0</difficult>
		<occluded>0</occluded>
		<bndbox>
			<xmin>690</xmin>
			<xmax>918</xmax>
			<ymin>253</ymin>
			<ymax>478</ymax>
		</bndbox>
	</object>
</annotation>
