<annotation>
	<folder></folder>
	<filename>normal31_jpg.rf.ca5f2eba699fb7db5165925060059477.jpg</filename>
	<path>normal31_jpg.rf.ca5f2eba699fb7db5165925060059477.jpg</path>
	<source>
		<database>roboflow.com</database>
	</source>
	<size>
		<width>1920</width>
		<height>1080</height>
		<depth>3</depth>
	</size>
	<segmented>0</segmented>
	<object>
		<name>abnormal</name>
		<pose>Unspecified</pose>
		<truncated>0</truncated>
		<difficult>0</difficult>
		<occluded>0</occluded>
		<bndbox>
			<xmin>913</xmin>
			<xmax>1144</xmax>
			<ymin>258</ymin>
			<ymax>485</ymax>
		</bndbox>
	</object>
</annotation>
