<annotation>
	<folder></folder>
	<filename>normal4_jpg.rf.2116b0731234721fe5bbb2c002884764.jpg</filename>
	<path>normal4_jpg.rf.2116b0731234721fe5bbb2c002884764.jpg</path>
	<source>
		<database>roboflow.com</database>
	</source>
	<size>
		<width>1920</width>
		<height>1080</height>
		<depth>3</depth>
	</size>
	<segmented>0</segmented>
	<object>
		<name>abnormal</name>
		<pose>Unspecified</pose>
		<truncated>0</truncated>
		<difficult>0</difficult>
		<occluded>0</occluded>
		<bndbox>
			<xmin>780</xmin>
			<xmax>1068</xmax>
			<ymin>268</ymin>
			<ymax>549</ymax>
		</bndbox>
	</object>
</annotation>
