<annotation>
	<folder></folder>
	<filename>normal4_jpg.rf.b3d2e5ef39603af8a54a367d46778ada.jpg</filename>
	<path>normal4_jpg.rf.b3d2e5ef39603af8a54a367d46778ada.jpg</path>
	<source>
		<database>roboflow.com</database>
	</source>
	<size>
		<width>1920</width>
		<height>1080</height>
		<depth>3</depth>
	</size>
	<segmented>0</segmented>
	<object>
		<name>abnormal</name>
		<pose>Unspecified</pose>
		<truncated>0</truncated>
		<difficult>0</difficult>
		<occluded>0</occluded>
		<bndbox>
			<xmin>774</xmin>
			<xmax>1036</xmax>
			<ymin>288</ymin>
			<ymax>542</ymax>
		</bndbox>
	</object>
</annotation>
