<annotation>
	<folder></folder>
	<filename>normal25_jpg.rf.7dd98cfd5b633f0f5a1adc595aed7828.jpg</filename>
	<path>normal25_jpg.rf.7dd98cfd5b633f0f5a1adc595aed7828.jpg</path>
	<source>
		<database>roboflow.com</database>
	</source>
	<size>
		<width>1920</width>
		<height>1080</height>
		<depth>3</depth>
	</size>
	<segmented>0</segmented>
	<object>
		<name>normal</name>
		<pose>Unspecified</pose>
		<truncated>0</truncated>
		<difficult>0</difficult>
		<occluded>0</occluded>
		<bndbox>
			<xmin>879</xmin>
			<xmax>1119</xmax>
			<ymin>261</ymin>
			<ymax>512</ymax>
		</bndbox>
	</object>
</annotation>
