<annotation>
	<folder></folder>
	<filename>normal19_jpg.rf.dc83af58a97b1b174cb311368a4fe480.jpg</filename>
	<path>normal19_jpg.rf.dc83af58a97b1b174cb311368a4fe480.jpg</path>
	<source>
		<database>roboflow.com</database>
	</source>
	<size>
		<width>1920</width>
		<height>1080</height>
		<depth>3</depth>
	</size>
	<segmented>0</segmented>
	<object>
		<name>abnormal</name>
		<pose>Unspecified</pose>
		<truncated>0</truncated>
		<difficult>0</difficult>
		<occluded>0</occluded>
		<bndbox>
			<xmin>890</xmin>
			<xmax>1134</xmax>
			<ymin>523</ymin>
			<ymax>743</ymax>
		</bndbox>
	</object>
</annotation>
