<annotation>
	<folder></folder>
	<filename>normal16_jpg.rf.9bdcf57c3c39972ef99382047f29a2dc.jpg</filename>
	<path>normal16_jpg.rf.9bdcf57c3c39972ef99382047f29a2dc.jpg</path>
	<source>
		<database>roboflow.com</database>
	</source>
	<size>
		<width>1920</width>
		<height>1080</height>
		<depth>3</depth>
	</size>
	<segmented>0</segmented>
	<object>
		<name>abnormal</name>
		<pose>Unspecified</pose>
		<truncated>0</truncated>
		<difficult>0</difficult>
		<occluded>0</occluded>
		<bndbox>
			<xmin>727</xmin>
			<xmax>1010</xmax>
			<ymin>237</ymin>
			<ymax>568</ymax>
		</bndbox>
	</object>
</annotation>
