<annotation>
	<folder></folder>
	<filename>normal29_jpg.rf.19d047947689d570c79a8e1fec3798b2.jpg</filename>
	<path>normal29_jpg.rf.19d047947689d570c79a8e1fec3798b2.jpg</path>
	<source>
		<database>roboflow.com</database>
	</source>
	<size>
		<width>1920</width>
		<height>1080</height>
		<depth>3</depth>
	</size>
	<segmented>0</segmented>
	<object>
		<name>normal</name>
		<pose>Unspecified</pose>
		<truncated>0</truncated>
		<difficult>0</difficult>
		<occluded>0</occluded>
		<bndbox>
			<xmin>962</xmin>
			<xmax>1192</xmax>
			<ymin>378</ymin>
			<ymax>597</ymax>
		</bndbox>
	</object>
</annotation>
