<annotation>
	<folder></folder>
	<filename>normal3_jpg.rf.1e6718add3b15f1ee8c917cf29410a8d.jpg</filename>
	<path>normal3_jpg.rf.1e6718add3b15f1ee8c917cf29410a8d.jpg</path>
	<source>
		<database>roboflow.com</database>
	</source>
	<size>
		<width>1920</width>
		<height>1080</height>
		<depth>3</depth>
	</size>
	<segmented>0</segmented>
	<object>
		<name>abnormal</name>
		<pose>Unspecified</pose>
		<truncated>0</truncated>
		<difficult>0</difficult>
		<occluded>0</occluded>
		<bndbox>
			<xmin>769</xmin>
			<xmax>1054</xmax>
			<ymin>117</ymin>
			<ymax>374</ymax>
		</bndbox>
	</object>
</annotation>
