<annotation>
	<folder></folder>
	<filename>normal21_jpg.rf.3f5dfda35f10e73fcc539793951c29f3.jpg</filename>
	<path>normal21_jpg.rf.3f5dfda35f10e73fcc539793951c29f3.jpg</path>
	<source>
		<database>roboflow.com</database>
	</source>
	<size>
		<width>1920</width>
		<height>1080</height>
		<depth>3</depth>
	</size>
	<segmented>0</segmented>
	<object>
		<name>abnormal</name>
		<pose>Unspecified</pose>
		<truncated>0</truncated>
		<difficult>0</difficult>
		<occluded>0</occluded>
		<bndbox>
			<xmin>714</xmin>
			<xmax>933</xmax>
			<ymin>568</ymin>
			<ymax>771</ymax>
		</bndbox>
	</object>
</annotation>
