<annotation>
	<folder></folder>
	<filename>normal29_jpg.rf.06cc05cc0daf2843dd21840c9ca1071b.jpg</filename>
	<path>normal29_jpg.rf.06cc05cc0daf2843dd21840c9ca1071b.jpg</path>
	<source>
		<database>roboflow.com</database>
	</source>
	<size>
		<width>1920</width>
		<height>1080</height>
		<depth>3</depth>
	</size>
	<segmented>0</segmented>
	<object>
		<name>abnormal</name>
		<pose>Unspecified</pose>
		<truncated>0</truncated>
		<difficult>0</difficult>
		<occluded>0</occluded>
		<bndbox>
			<xmin>787</xmin>
			<xmax>1019</xmax>
			<ymin>312</ymin>
			<ymax>536</ymax>
		</bndbox>
	</object>
</annotation>
