<annotation>
	<folder></folder>
	<filename>normal35_jpg.rf.dca39784b74d4e371d1c4dd36c0cc2aa.jpg</filename>
	<path>normal35_jpg.rf.dca39784b74d4e371d1c4dd36c0cc2aa.jpg</path>
	<source>
		<database>roboflow.com</database>
	</source>
	<size>
		<width>1920</width>
		<height>1080</height>
		<depth>3</depth>
	</size>
	<segmented>0</segmented>
	<object>
		<name>normal</name>
		<pose>Unspecified</pose>
		<truncated>0</truncated>
		<difficult>0</difficult>
		<occluded>0</occluded>
		<bndbox>
			<xmin>1063</xmin>
			<xmax>1288</xmax>
			<ymin>388</ymin>
			<ymax>606</ymax>
		</bndbox>
	</object>
</annotation>
