<annotation>
	<folder></folder>
	<filename>normal30_jpg.rf.c08fdfc00f6921a425f23c10fdc7a8aa.jpg</filename>
	<path>normal30_jpg.rf.c08fdfc00f6921a425f23c10fdc7a8aa.jpg</path>
	<source>
		<database>roboflow.com</database>
	</source>
	<size>
		<width>1920</width>
		<height>1080</height>
		<depth>3</depth>
	</size>
	<segmented>0</segmented>
	<object>
		<name>normal</name>
		<pose>Unspecified</pose>
		<truncated>0</truncated>
		<difficult>0</difficult>
		<occluded>0</occluded>
		<bndbox>
			<xmin>933</xmin>
			<xmax>1160</xmax>
			<ymin>349</ymin>
			<ymax>576</ymax>
		</bndbox>
	</object>
</annotation>
