<annotation>
	<folder></folder>
	<filename>normal16_jpg.rf.0c97e6694975c1131ee95f4e3cd57fac.jpg</filename>
	<path>normal16_jpg.rf.0c97e6694975c1131ee95f4e3cd57fac.jpg</path>
	<source>
		<database>roboflow.com</database>
	</source>
	<size>
		<width>1920</width>
		<height>1080</height>
		<depth>3</depth>
	</size>
	<segmented>0</segmented>
	<object>
		<name>abnormal</name>
		<pose>Unspecified</pose>
		<truncated>0</truncated>
		<difficult>0</difficult>
		<occluded>0</occluded>
		<bndbox>
			<xmin>698</xmin>
			<xmax>956</xmax>
			<ymin>286</ymin>
			<ymax>600</ymax>
		</bndbox>
	</object>
</annotation>
