<annotation>
	<folder></folder>
	<filename>normal8_jpg.rf.993bafa9f216f3be57d6ae1af0af2ad8.jpg</filename>
	<path>normal8_jpg.rf.993bafa9f216f3be57d6ae1af0af2ad8.jpg</path>
	<source>
		<database>roboflow.com</database>
	</source>
	<size>
		<width>1920</width>
		<height>1080</height>
		<depth>3</depth>
	</size>
	<segmented>0</segmented>
	<object>
		<name>normal</name>
		<pose>Unspecified</pose>
		<truncated>0</truncated>
		<difficult>0</difficult>
		<occluded>0</occluded>
		<bndbox>
			<xmin>1049</xmin>
			<xmax>1286</xmax>
			<ymin>283</ymin>
			<ymax>511</ymax>
		</bndbox>
	</object>
</annotation>
