<annotation>
	<folder></folder>
	<filename>normal22_jpg.rf.97afa7d1caf0dc5c361f6c358e3197bf.jpg</filename>
	<path>normal22_jpg.rf.97afa7d1caf0dc5c361f6c358e3197bf.jpg</path>
	<source>
		<database>roboflow.com</database>
	</source>
	<size>
		<width>1920</width>
		<height>1080</height>
		<depth>3</depth>
	</size>
	<segmented>0</segmented>
	<object>
		<name>normal</name>
		<pose>Unspecified</pose>
		<truncated>0</truncated>
		<difficult>0</difficult>
		<occluded>0</occluded>
		<bndbox>
			<xmin>955</xmin>
			<xmax>1212</xmax>
			<ymin>295</ymin>
			<ymax>545</ymax>
		</bndbox>
	</object>
</annotation>
