<annotation>
	<folder></folder>
	<filename>normal8_jpg.rf.de10c4e1c9e9301b4c2e0f1f74e9dc46.jpg</filename>
	<path>normal8_jpg.rf.de10c4e1c9e9301b4c2e0f1f74e9dc46.jpg</path>
	<source>
		<database>roboflow.com</database>
	</source>
	<size>
		<width>1920</width>
		<height>1080</height>
		<depth>3</depth>
	</size>
	<segmented>0</segmented>
	<object>
		<name>abnormal</name>
		<pose>Unspecified</pose>
		<truncated>0</truncated>
		<difficult>0</difficult>
		<occluded>0</occluded>
		<bndbox>
			<xmin>699</xmin>
			<xmax>945</xmax>
			<ymin>354</ymin>
			<ymax>597</ymax>
		</bndbox>
	</object>
</annotation>
