<annotation>
	<folder></folder>
	<filename>normal2_jpg.rf.5c3c8c8be5d40e9dd59996cc9894da25.jpg</filename>
	<path>normal2_jpg.rf.5c3c8c8be5d40e9dd59996cc9894da25.jpg</path>
	<source>
		<database>roboflow.com</database>
	</source>
	<size>
		<width>1920</width>
		<height>1080</height>
		<depth>3</depth>
	</size>
	<segmented>0</segmented>
	<object>
		<name>abnormal</name>
		<pose>Unspecified</pose>
		<truncated>0</truncated>
		<difficult>0</difficult>
		<occluded>0</occluded>
		<bndbox>
			<xmin>697</xmin>
			<xmax>933</xmax>
			<ymin>333</ymin>
			<ymax>573</ymax>
		</bndbox>
	</object>
</annotation>
