<annotation>
	<folder></folder>
	<filename>normal38_jpg.rf.15e1242715631e9299102d06f54a24b8.jpg</filename>
	<path>normal38_jpg.rf.15e1242715631e9299102d06f54a24b8.jpg</path>
	<source>
		<database>roboflow.com</database>
	</source>
	<size>
		<width>1920</width>
		<height>1080</height>
		<depth>3</depth>
	</size>
	<segmented>0</segmented>
	<object>
		<name>normal</name>
		<pose>Unspecified</pose>
		<truncated>0</truncated>
		<difficult>0</difficult>
		<occluded>0</occluded>
		<bndbox>
			<xmin>774</xmin>
			<xmax>998</xmax>
			<ymin>287</ymin>
			<ymax>523</ymax>
		</bndbox>
	</object>
</annotation>
