<annotation>
	<folder></folder>
	<filename>normal23_jpg.rf.e1776e0e235a1bfe95488c31ccf09a42.jpg</filename>
	<path>normal23_jpg.rf.e1776e0e235a1bfe95488c31ccf09a42.jpg</path>
	<source>
		<database>roboflow.com</database>
	</source>
	<size>
		<width>1920</width>
		<height>1080</height>
		<depth>3</depth>
	</size>
	<segmented>0</segmented>
	<object>
		<name>normal</name>
		<pose>Unspecified</pose>
		<truncated>0</truncated>
		<difficult>0</difficult>
		<occluded>0</occluded>
		<bndbox>
			<xmin>1043</xmin>
			<xmax>1296</xmax>
			<ymin>428</ymin>
			<ymax>662</ymax>
		</bndbox>
	</object>
</annotation>
