<annotation>
	<folder></folder>
	<filename>normal8_jpg.rf.6bc198f0e8b84547c5269516ea5d2a03.jpg</filename>
	<path>normal8_jpg.rf.6bc198f0e8b84547c5269516ea5d2a03.jpg</path>
	<source>
		<database>roboflow.com</database>
	</source>
	<size>
		<width>1920</width>
		<height>1080</height>
		<depth>3</depth>
	</size>
	<segmented>0</segmented>
	<object>
		<name>abnormal</name>
		<pose>Unspecified</pose>
		<truncated>0</truncated>
		<difficult>0</difficult>
		<occluded>0</occluded>
		<bndbox>
			<xmin>701</xmin>
			<xmax>944</xmax>
			<ymin>353</ymin>
			<ymax>593</ymax>
		</bndbox>
	</object>
</annotation>
