<annotation>
	<folder></folder>
	<filename>normal9_jpg.rf.9fb84533306f7ea4994122e77e7ddcbb.jpg</filename>
	<path>normal9_jpg.rf.9fb84533306f7ea4994122e77e7ddcbb.jpg</path>
	<source>
		<database>roboflow.com</database>
	</source>
	<size>
		<width>1920</width>
		<height>1080</height>
		<depth>3</depth>
	</size>
	<segmented>0</segmented>
	<object>
		<name>normal</name>
		<pose>Unspecified</pose>
		<truncated>0</truncated>
		<difficult>0</difficult>
		<occluded>0</occluded>
		<bndbox>
			<xmin>612</xmin>
			<xmax>848</xmax>
			<ymin>454</ymin>
			<ymax>676</ymax>
		</bndbox>
	</object>
</annotation>
