<annotation>
	<folder></folder>
	<filename>normal23_jpg.rf.3ceda94ee3169f68edcf9a473b2e2776.jpg</filename>
	<path>normal23_jpg.rf.3ceda94ee3169f68edcf9a473b2e2776.jpg</path>
	<source>
		<database>roboflow.com</database>
	</source>
	<size>
		<width>1920</width>
		<height>1080</height>
		<depth>3</depth>
	</size>
	<segmented>0</segmented>
	<object>
		<name>abnormal</name>
		<pose>Unspecified</pose>
		<truncated>0</truncated>
		<difficult>0</difficult>
		<occluded>0</occluded>
		<bndbox>
			<xmin>825</xmin>
			<xmax>1101</xmax>
			<ymin>272</ymin>
			<ymax>537</ymax>
		</bndbox>
	</object>
</annotation>
