<annotation>
	<folder></folder>
	<filename>normal29_jpg.rf.1aadda5c80d49e7d2a39a0008c68ac72.jpg</filename>
	<path>normal29_jpg.rf.1aadda5c80d49e7d2a39a0008c68ac72.jpg</path>
	<source>
		<database>roboflow.com</database>
	</source>
	<size>
		<width>1920</width>
		<height>1080</height>
		<depth>3</depth>
	</size>
	<segmented>0</segmented>
	<object>
		<name>abnormal</name>
		<pose>Unspecified</pose>
		<truncated>0</truncated>
		<difficult>0</difficult>
		<occluded>0</occluded>
		<bndbox>
			<xmin>794</xmin>
			<xmax>1019</xmax>
			<ymin>314</ymin>
			<ymax>530</ymax>
		</bndbox>
	</object>
</annotation>
