<annotation>
	<folder></folder>
	<filename>normal10_jpg.rf.6615e5691e1ecbaf910b96f9a986f3ff.jpg</filename>
	<path>normal10_jpg.rf.6615e5691e1ecbaf910b96f9a986f3ff.jpg</path>
	<source>
		<database>roboflow.com</database>
	</source>
	<size>
		<width>1920</width>
		<height>1080</height>
		<depth>3</depth>
	</size>
	<segmented>0</segmented>
	<object>
		<name>normal</name>
		<pose>Unspecified</pose>
		<truncated>0</truncated>
		<difficult>0</difficult>
		<occluded>0</occluded>
		<bndbox>
			<xmin>801</xmin>
			<xmax>1002</xmax>
			<ymin>418</ymin>
			<ymax>633</ymax>
		</bndbox>
	</object>
</annotation>
