<annotation>
	<folder></folder>
	<filename>normal10_jpg.rf.70b2d8a80009c6037fce6648ba227a32.jpg</filename>
	<path>normal10_jpg.rf.70b2d8a80009c6037fce6648ba227a32.jpg</path>
	<source>
		<database>roboflow.com</database>
	</source>
	<size>
		<width>1920</width>
		<height>1080</height>
		<depth>3</depth>
	</size>
	<segmented>0</segmented>
	<object>
		<name>normal</name>
		<pose>Unspecified</pose>
		<truncated>0</truncated>
		<difficult>0</difficult>
		<occluded>0</occluded>
		<bndbox>
			<xmin>801</xmin>
			<xmax>1002</xmax>
			<ymin>449</ymin>
			<ymax>664</ymax>
		</bndbox>
	</object>
</annotation>
