<annotation>
	<folder></folder>
	<filename>normal28_jpg.rf.b1a83c8504340367e1661754bbf79a2f.jpg</filename>
	<path>normal28_jpg.rf.b1a83c8504340367e1661754bbf79a2f.jpg</path>
	<source>
		<database>roboflow.com</database>
	</source>
	<size>
		<width>1920</width>
		<height>1080</height>
		<depth>3</depth>
	</size>
	<segmented>0</segmented>
	<object>
		<name>abnormal</name>
		<pose>Unspecified</pose>
		<truncated>0</truncated>
		<difficult>0</difficult>
		<occluded>0</occluded>
		<bndbox>
			<xmin>826</xmin>
			<xmax>1050</xmax>
			<ymin>334</ymin>
			<ymax>557</ymax>
		</bndbox>
	</object>
</annotation>
