<annotation>
	<folder></folder>
	<filename>normal23_jpg.rf.b4f832c1e01414f75ed482bd1ba9c072.jpg</filename>
	<path>normal23_jpg.rf.b4f832c1e01414f75ed482bd1ba9c072.jpg</path>
	<source>
		<database>roboflow.com</database>
	</source>
	<size>
		<width>1920</width>
		<height>1080</height>
		<depth>3</depth>
	</size>
	<segmented>0</segmented>
	<object>
		<name>normal</name>
		<pose>Unspecified</pose>
		<truncated>0</truncated>
		<difficult>0</difficult>
		<occluded>0</occluded>
		<bndbox>
			<xmin>1049</xmin>
			<xmax>1288</xmax>
			<ymin>421</ymin>
			<ymax>639</ymax>
		</bndbox>
	</object>
</annotation>
