<annotation>
	<folder></folder>
	<filename>normal44_jpg.rf.3ea0b3fa367ef67b51ef19632a9e2304.jpg</filename>
	<path>normal44_jpg.rf.3ea0b3fa367ef67b51ef19632a9e2304.jpg</path>
	<source>
		<database>roboflow.com</database>
	</source>
	<size>
		<width>1920</width>
		<height>1080</height>
		<depth>3</depth>
	</size>
	<segmented>0</segmented>
	<object>
		<name>normal</name>
		<pose>Unspecified</pose>
		<truncated>0</truncated>
		<difficult>0</difficult>
		<occluded>0</occluded>
		<bndbox>
			<xmin>971</xmin>
			<xmax>1197</xmax>
			<ymin>274</ymin>
			<ymax>501</ymax>
		</bndbox>
	</object>
</annotation>
