<annotation>
	<folder></folder>
	<filename>normal38_jpg.rf.fe8c584e59d808381f204ba116a4b4b2.jpg</filename>
	<path>normal38_jpg.rf.fe8c584e59d808381f204ba116a4b4b2.jpg</path>
	<source>
		<database>roboflow.com</database>
	</source>
	<size>
		<width>1920</width>
		<height>1080</height>
		<depth>3</depth>
	</size>
	<segmented>0</segmented>
	<object>
		<name>normal</name>
		<pose>Unspecified</pose>
		<truncated>0</truncated>
		<difficult>0</difficult>
		<occluded>0</occluded>
		<bndbox>
			<xmin>773</xmin>
			<xmax>989</xmax>
			<ymin>293</ymin>
			<ymax>522</ymax>
		</bndbox>
	</object>
</annotation>
