<annotation>
	<folder></folder>
	<filename>normal4_jpg.rf.dab9c29f880d249185ffb964813880e3.jpg</filename>
	<path>normal4_jpg.rf.dab9c29f880d249185ffb964813880e3.jpg</path>
	<source>
		<database>roboflow.com</database>
	</source>
	<size>
		<width>1920</width>
		<height>1080</height>
		<depth>3</depth>
	</size>
	<segmented>0</segmented>
	<object>
		<name>abnormal</name>
		<pose>Unspecified</pose>
		<truncated>0</truncated>
		<difficult>0</difficult>
		<occluded>0</occluded>
		<bndbox>
			<xmin>910</xmin>
			<xmax>1149</xmax>
			<ymin>306</ymin>
			<ymax>536</ymax>
		</bndbox>
	</object>
</annotation>
