<annotation>
	<folder></folder>
	<filename>normal17_jpg.rf.c4a74e900ac5cb2ef3a9f47e79351251.jpg</filename>
	<path>normal17_jpg.rf.c4a74e900ac5cb2ef3a9f47e79351251.jpg</path>
	<source>
		<database>roboflow.com</database>
	</source>
	<size>
		<width>1920</width>
		<height>1080</height>
		<depth>3</depth>
	</size>
	<segmented>0</segmented>
	<object>
		<name>abnormal</name>
		<pose>Unspecified</pose>
		<truncated>0</truncated>
		<difficult>0</difficult>
		<occluded>0</occluded>
		<bndbox>
			<xmin>680</xmin>
			<xmax>935</xmax>
			<ymin>245</ymin>
			<ymax>514</ymax>
		</bndbox>
	</object>
</annotation>
