<annotation>
	<folder></folder>
	<filename>normal6_jpg.rf.c8d8a9865e7657d37a29204f42317a50.jpg</filename>
	<path>normal6_jpg.rf.c8d8a9865e7657d37a29204f42317a50.jpg</path>
	<source>
		<database>roboflow.com</database>
	</source>
	<size>
		<width>1920</width>
		<height>1080</height>
		<depth>3</depth>
	</size>
	<segmented>0</segmented>
	<object>
		<name>abnormal</name>
		<pose>Unspecified</pose>
		<truncated>0</truncated>
		<difficult>0</difficult>
		<occluded>0</occluded>
		<bndbox>
			<xmin>653</xmin>
			<xmax>932</xmax>
			<ymin>325</ymin>
			<ymax>620</ymax>
		</bndbox>
	</object>
</annotation>
