<annotation>
	<folder></folder>
	<filename>normal2_jpg.rf.f6a3db8e851b84a94533bab36b949940.jpg</filename>
	<path>normal2_jpg.rf.f6a3db8e851b84a94533bab36b949940.jpg</path>
	<source>
		<database>roboflow.com</database>
	</source>
	<size>
		<width>1920</width>
		<height>1080</height>
		<depth>3</depth>
	</size>
	<segmented>0</segmented>
	<object>
		<name>abnormal</name>
		<pose>Unspecified</pose>
		<truncated>0</truncated>
		<difficult>0</difficult>
		<occluded>0</occluded>
		<bndbox>
			<xmin>671</xmin>
			<xmax>936</xmax>
			<ymin>343</ymin>
			<ymax>611</ymax>
		</bndbox>
	</object>
</annotation>
