<annotation>
	<folder></folder>
	<filename>normal23_jpg.rf.e007db534b0e2d23c5df1de45d5ad863.jpg</filename>
	<path>normal23_jpg.rf.e007db534b0e2d23c5df1de45d5ad863.jpg</path>
	<source>
		<database>roboflow.com</database>
	</source>
	<size>
		<width>1920</width>
		<height>1080</height>
		<depth>3</depth>
	</size>
	<segmented>0</segmented>
	<object>
		<name>normal</name>
		<pose>Unspecified</pose>
		<truncated>0</truncated>
		<difficult>0</difficult>
		<occluded>0</occluded>
		<bndbox>
			<xmin>634</xmin>
			<xmax>873</xmax>
			<ymin>421</ymin>
			<ymax>639</ymax>
		</bndbox>
	</object>
</annotation>
