<annotation>
	<folder></folder>
	<filename>normal5_jpg.rf.3b7ada6be344a6b705efc54780af72d9.jpg</filename>
	<path>normal5_jpg.rf.3b7ada6be344a6b705efc54780af72d9.jpg</path>
	<source>
		<database>roboflow.com</database>
	</source>
	<size>
		<width>1920</width>
		<height>1080</height>
		<depth>3</depth>
	</size>
	<segmented>0</segmented>
	<object>
		<name>normal</name>
		<pose>Unspecified</pose>
		<truncated>0</truncated>
		<difficult>0</difficult>
		<occluded>0</occluded>
		<bndbox>
			<xmin>846</xmin>
			<xmax>1066</xmax>
			<ymin>310</ymin>
			<ymax>526</ymax>
		</bndbox>
	</object>
</annotation>
