<annotation>
	<folder></folder>
	<filename>normal22_jpg.rf.d78a4881534ceb010874da3a82617cb5.jpg</filename>
	<path>normal22_jpg.rf.d78a4881534ceb010874da3a82617cb5.jpg</path>
	<source>
		<database>roboflow.com</database>
	</source>
	<size>
		<width>1920</width>
		<height>1080</height>
		<depth>3</depth>
	</size>
	<segmented>0</segmented>
	<object>
		<name>abnormal</name>
		<pose>Unspecified</pose>
		<truncated>0</truncated>
		<difficult>0</difficult>
		<occluded>0</occluded>
		<bndbox>
			<xmin>806</xmin>
			<xmax>1055</xmax>
			<ymin>292</ymin>
			<ymax>534</ymax>
		</bndbox>
	</object>
</annotation>
