<annotation>
	<folder></folder>
	<filename>normal14_jpg.rf.651a85fe84338533900fef781a455019.jpg</filename>
	<path>normal14_jpg.rf.651a85fe84338533900fef781a455019.jpg</path>
	<source>
		<database>roboflow.com</database>
	</source>
	<size>
		<width>1920</width>
		<height>1080</height>
		<depth>3</depth>
	</size>
	<segmented>0</segmented>
	<object>
		<name>abnormal</name>
		<pose>Unspecified</pose>
		<truncated>0</truncated>
		<difficult>0</difficult>
		<occluded>0</occluded>
		<bndbox>
			<xmin>696</xmin>
			<xmax>929</xmax>
			<ymin>286</ymin>
			<ymax>533</ymax>
		</bndbox>
	</object>
</annotation>
