<annotation>
	<folder></folder>
	<filename>normal31_jpg.rf.03684eef3e79086eedc73108e070834b.jpg</filename>
	<path>normal31_jpg.rf.03684eef3e79086eedc73108e070834b.jpg</path>
	<source>
		<database>roboflow.com</database>
	</source>
	<size>
		<width>1920</width>
		<height>1080</height>
		<depth>3</depth>
	</size>
	<segmented>0</segmented>
	<object>
		<name>abnormal</name>
		<pose>Unspecified</pose>
		<truncated>0</truncated>
		<difficult>0</difficult>
		<occluded>0</occluded>
		<bndbox>
			<xmin>914</xmin>
			<xmax>1150</xmax>
			<ymin>257</ymin>
			<ymax>489</ymax>
		</bndbox>
	</object>
</annotation>
