<annotation>
	<folder></folder>
	<filename>normal20_jpg.rf.6087a600a12b6abf3f7edf321abd30d6.jpg</filename>
	<path>normal20_jpg.rf.6087a600a12b6abf3f7edf321abd30d6.jpg</path>
	<source>
		<database>roboflow.com</database>
	</source>
	<size>
		<width>1920</width>
		<height>1080</height>
		<depth>3</depth>
	</size>
	<segmented>0</segmented>
	<object>
		<name>normal</name>
		<pose>Unspecified</pose>
		<truncated>0</truncated>
		<difficult>0</difficult>
		<occluded>0</occluded>
		<bndbox>
			<xmin>806</xmin>
			<xmax>1036</xmax>
			<ymin>327</ymin>
			<ymax>565</ymax>
		</bndbox>
	</object>
</annotation>
