<annotation>
	<folder></folder>
	<filename>normal24_jpg.rf.7b9a56ca82bd9721473eed940d8195e7.jpg</filename>
	<path>normal24_jpg.rf.7b9a56ca82bd9721473eed940d8195e7.jpg</path>
	<source>
		<database>roboflow.com</database>
	</source>
	<size>
		<width>1920</width>
		<height>1080</height>
		<depth>3</depth>
	</size>
	<segmented>0</segmented>
	<object>
		<name>abnormal</name>
		<pose>Unspecified</pose>
		<truncated>0</truncated>
		<difficult>0</difficult>
		<occluded>0</occluded>
		<bndbox>
			<xmin>732</xmin>
			<xmax>981</xmax>
			<ymin>265</ymin>
			<ymax>512</ymax>
		</bndbox>
	</object>
</annotation>
