<annotation>
	<folder></folder>
	<filename>normal10_jpg.rf.de7325aabaaa9d83f3b153be37b28577.jpg</filename>
	<path>normal10_jpg.rf.de7325aabaaa9d83f3b153be37b28577.jpg</path>
	<source>
		<database>roboflow.com</database>
	</source>
	<size>
		<width>1920</width>
		<height>1080</height>
		<depth>3</depth>
	</size>
	<segmented>0</segmented>
	<object>
		<name>abnormal</name>
		<pose>Unspecified</pose>
		<truncated>0</truncated>
		<difficult>0</difficult>
		<occluded>0</occluded>
		<bndbox>
			<xmin>641</xmin>
			<xmax>913</xmax>
			<ymin>324</ymin>
			<ymax>613</ymax>
		</bndbox>
	</object>
</annotation>
