<annotation>
	<folder></folder>
	<filename>normal23_jpg.rf.fbba1475415a7e2836e4ae1478ebc1c0.jpg</filename>
	<path>normal23_jpg.rf.fbba1475415a7e2836e4ae1478ebc1c0.jpg</path>
	<source>
		<database>roboflow.com</database>
	</source>
	<size>
		<width>1920</width>
		<height>1080</height>
		<depth>3</depth>
	</size>
	<segmented>0</segmented>
	<object>
		<name>normal</name>
		<pose>Unspecified</pose>
		<truncated>0</truncated>
		<difficult>0</difficult>
		<occluded>0</occluded>
		<bndbox>
			<xmin>1037</xmin>
			<xmax>1300</xmax>
			<ymin>433</ymin>
			<ymax>678</ymax>
		</bndbox>
	</object>
</annotation>
