<annotation>
	<folder></folder>
	<filename>normal25_jpg.rf.c0cddcb78a8b8f66955cd8e54b1ae40d.jpg</filename>
	<path>normal25_jpg.rf.c0cddcb78a8b8f66955cd8e54b1ae40d.jpg</path>
	<source>
		<database>roboflow.com</database>
	</source>
	<size>
		<width>1920</width>
		<height>1080</height>
		<depth>3</depth>
	</size>
	<segmented>0</segmented>
	<object>
		<name>normal</name>
		<pose>Unspecified</pose>
		<truncated>0</truncated>
		<difficult>0</difficult>
		<occluded>0</occluded>
		<bndbox>
			<xmin>865</xmin>
			<xmax>1090</xmax>
			<ymin>264</ymin>
			<ymax>501</ymax>
		</bndbox>
	</object>
</annotation>
