<annotation>
	<folder></folder>
	<filename>normal27_jpg.rf.f13cd322eadb64d1ae240d48621a39ed.jpg</filename>
	<path>normal27_jpg.rf.f13cd322eadb64d1ae240d48621a39ed.jpg</path>
	<source>
		<database>roboflow.com</database>
	</source>
	<size>
		<width>1920</width>
		<height>1080</height>
		<depth>3</depth>
	</size>
	<segmented>0</segmented>
	<object>
		<name>normal</name>
		<pose>Unspecified</pose>
		<truncated>0</truncated>
		<difficult>0</difficult>
		<occluded>0</occluded>
		<bndbox>
			<xmin>963</xmin>
			<xmax>1220</xmax>
			<ymin>218</ymin>
			<ymax>473</ymax>
		</bndbox>
	</object>
</annotation>
