<annotation>
	<folder></folder>
	<filename>normal1_jpg.rf.c2df1129b95d5fadf9d94fdc2ec18a2b.jpg</filename>
	<path>normal1_jpg.rf.c2df1129b95d5fadf9d94fdc2ec18a2b.jpg</path>
	<source>
		<database>roboflow.com</database>
	</source>
	<size>
		<width>1920</width>
		<height>1080</height>
		<depth>3</depth>
	</size>
	<segmented>0</segmented>
	<object>
		<name>normal</name>
		<pose>Unspecified</pose>
		<truncated>0</truncated>
		<difficult>0</difficult>
		<occluded>0</occluded>
		<bndbox>
			<xmin>916</xmin>
			<xmax>1120</xmax>
			<ymin>336</ymin>
			<ymax>550</ymax>
		</bndbox>
	</object>
</annotation>
