<annotation>
	<folder></folder>
	<filename>normal13_jpg.rf.caca967cd5b66fee78b878cec0d85b3a.jpg</filename>
	<path>normal13_jpg.rf.caca967cd5b66fee78b878cec0d85b3a.jpg</path>
	<source>
		<database>roboflow.com</database>
	</source>
	<size>
		<width>1920</width>
		<height>1080</height>
		<depth>3</depth>
	</size>
	<segmented>0</segmented>
	<object>
		<name>normal</name>
		<pose>Unspecified</pose>
		<truncated>0</truncated>
		<difficult>0</difficult>
		<occluded>0</occluded>
		<bndbox>
			<xmin>848</xmin>
			<xmax>1105</xmax>
			<ymin>150</ymin>
			<ymax>411</ymax>
		</bndbox>
	</object>
</annotation>
