<annotation>
	<folder></folder>
	<filename>normal19_jpg.rf.d8bc152dc946084e14407f7a7909cee7.jpg</filename>
	<path>normal19_jpg.rf.d8bc152dc946084e14407f7a7909cee7.jpg</path>
	<source>
		<database>roboflow.com</database>
	</source>
	<size>
		<width>1920</width>
		<height>1080</height>
		<depth>3</depth>
	</size>
	<segmented>0</segmented>
	<object>
		<name>normal</name>
		<pose>Unspecified</pose>
		<truncated>0</truncated>
		<difficult>0</difficult>
		<occluded>0</occluded>
		<bndbox>
			<xmin>843</xmin>
			<xmax>1054</xmax>
			<ymin>196</ymin>
			<ymax>429</ymax>
		</bndbox>
	</object>
</annotation>
