<annotation>
	<folder></folder>
	<filename>normal4_jpg.rf.79a19d42e563161cf389bd226009d4bf.jpg</filename>
	<path>normal4_jpg.rf.79a19d42e563161cf389bd226009d4bf.jpg</path>
	<source>
		<database>roboflow.com</database>
	</source>
	<size>
		<width>1920</width>
		<height>1080</height>
		<depth>3</depth>
	</size>
	<segmented>0</segmented>
	<object>
		<name>normal</name>
		<pose>Unspecified</pose>
		<truncated>0</truncated>
		<difficult>0</difficult>
		<occluded>0</occluded>
		<bndbox>
			<xmin>891</xmin>
			<xmax>1118</xmax>
			<ymin>345</ymin>
			<ymax>579</ymax>
		</bndbox>
	</object>
</annotation>
