<annotation>
	<folder></folder>
	<filename>normal30_jpg.rf.a423eba908f4cccb3bed6b606dfd2d6d.jpg</filename>
	<path>normal30_jpg.rf.a423eba908f4cccb3bed6b606dfd2d6d.jpg</path>
	<source>
		<database>roboflow.com</database>
	</source>
	<size>
		<width>1920</width>
		<height>1080</height>
		<depth>3</depth>
	</size>
	<segmented>0</segmented>
	<object>
		<name>abnormal</name>
		<pose>Unspecified</pose>
		<truncated>0</truncated>
		<difficult>0</difficult>
		<occluded>0</occluded>
		<bndbox>
			<xmin>793</xmin>
			<xmax>1010</xmax>
			<ymin>311</ymin>
			<ymax>530</ymax>
		</bndbox>
	</object>
</annotation>
