<annotation>
	<folder></folder>
	<filename>normal17_jpg.rf.308d730f26f548d2431a7bd3dc758364.jpg</filename>
	<path>normal17_jpg.rf.308d730f26f548d2431a7bd3dc758364.jpg</path>
	<source>
		<database>roboflow.com</database>
	</source>
	<size>
		<width>1920</width>
		<height>1080</height>
		<depth>3</depth>
	</size>
	<segmented>0</segmented>
	<object>
		<name>normal</name>
		<pose>Unspecified</pose>
		<truncated>0</truncated>
		<difficult>0</difficult>
		<occluded>0</occluded>
		<bndbox>
			<xmin>881</xmin>
			<xmax>1125</xmax>
			<ymin>335</ymin>
			<ymax>584</ymax>
		</bndbox>
	</object>
</annotation>
