<annotation>
	<folder></folder>
	<filename>normal21_jpg.rf.52178301c373cc8c66a9664ce0cf2995.jpg</filename>
	<path>normal21_jpg.rf.52178301c373cc8c66a9664ce0cf2995.jpg</path>
	<source>
		<database>roboflow.com</database>
	</source>
	<size>
		<width>1920</width>
		<height>1080</height>
		<depth>3</depth>
	</size>
	<segmented>0</segmented>
	<object>
		<name>abnormal</name>
		<pose>Unspecified</pose>
		<truncated>0</truncated>
		<difficult>0</difficult>
		<occluded>0</occluded>
		<bndbox>
			<xmin>720</xmin>
			<xmax>961</xmax>
			<ymin>283</ymin>
			<ymax>511</ymax>
		</bndbox>
	</object>
</annotation>
