<annotation>
	<folder></folder>
	<filename>normal27_jpg.rf.200b6f3525dbdcc39a9a0b761822ab2d.jpg</filename>
	<path>normal27_jpg.rf.200b6f3525dbdcc39a9a0b761822ab2d.jpg</path>
	<source>
		<database>roboflow.com</database>
	</source>
	<size>
		<width>1920</width>
		<height>1080</height>
		<depth>3</depth>
	</size>
	<segmented>0</segmented>
	<object>
		<name>normal</name>
		<pose>Unspecified</pose>
		<truncated>0</truncated>
		<difficult>0</difficult>
		<occluded>0</occluded>
		<bndbox>
			<xmin>1004</xmin>
			<xmax>1232</xmax>
			<ymin>604</ymin>
			<ymax>829</ymax>
		</bndbox>
	</object>
</annotation>
