<annotation>
	<folder></folder>
	<filename>normal27_jpg.rf.39c58e687da2df430ff3f348424b7c93.jpg</filename>
	<path>normal27_jpg.rf.39c58e687da2df430ff3f348424b7c93.jpg</path>
	<source>
		<database>roboflow.com</database>
	</source>
	<size>
		<width>1920</width>
		<height>1080</height>
		<depth>3</depth>
	</size>
	<segmented>0</segmented>
	<object>
		<name>normal</name>
		<pose>Unspecified</pose>
		<truncated>0</truncated>
		<difficult>0</difficult>
		<occluded>0</occluded>
		<bndbox>
			<xmin>1006</xmin>
			<xmax>1242</xmax>
			<ymin>254</ymin>
			<ymax>487</ymax>
		</bndbox>
	</object>
</annotation>
