<annotation>
	<folder></folder>
	<filename>normal44_jpg.rf.3334ab335b74814f581551f1df53dda2.jpg</filename>
	<path>normal44_jpg.rf.3334ab335b74814f581551f1df53dda2.jpg</path>
	<source>
		<database>roboflow.com</database>
	</source>
	<size>
		<width>1920</width>
		<height>1080</height>
		<depth>3</depth>
	</size>
	<segmented>0</segmented>
	<object>
		<name>normal</name>
		<pose>Unspecified</pose>
		<truncated>0</truncated>
		<difficult>0</difficult>
		<occluded>0</occluded>
		<bndbox>
			<xmin>962</xmin>
			<xmax>1196</xmax>
			<ymin>267</ymin>
			<ymax>501</ymax>
		</bndbox>
	</object>
</annotation>
