<annotation>
	<folder></folder>
	<filename>normal23_jpg.rf.affde66eca6e81f08a8a571be4aeb87d.jpg</filename>
	<path>normal23_jpg.rf.affde66eca6e81f08a8a571be4aeb87d.jpg</path>
	<source>
		<database>roboflow.com</database>
	</source>
	<size>
		<width>1920</width>
		<height>1080</height>
		<depth>3</depth>
	</size>
	<segmented>0</segmented>
	<object>
		<name>normal</name>
		<pose>Unspecified</pose>
		<truncated>0</truncated>
		<difficult>0</difficult>
		<occluded>0</occluded>
		<bndbox>
			<xmin>1046</xmin>
			<xmax>1292</xmax>
			<ymin>424</ymin>
			<ymax>650</ymax>
		</bndbox>
	</object>
</annotation>
