<annotation>
	<folder></folder>
	<filename>normal12_jpg.rf.98fb7e9c476ac711da347b842e76a04f.jpg</filename>
	<path>normal12_jpg.rf.98fb7e9c476ac711da347b842e76a04f.jpg</path>
	<source>
		<database>roboflow.com</database>
	</source>
	<size>
		<width>1920</width>
		<height>1080</height>
		<depth>3</depth>
	</size>
	<segmented>0</segmented>
	<object>
		<name>abnormal</name>
		<pose>Unspecified</pose>
		<truncated>0</truncated>
		<difficult>0</difficult>
		<occluded>0</occluded>
		<bndbox>
			<xmin>933</xmin>
			<xmax>1144</xmax>
			<ymin>509</ymin>
			<ymax>721</ymax>
		</bndbox>
	</object>
</annotation>
