<annotation>
	<folder></folder>
	<filename>normal4_jpg.rf.89c8475d1233e3870a66f9b14c7350d1.jpg</filename>
	<path>normal4_jpg.rf.89c8475d1233e3870a66f9b14c7350d1.jpg</path>
	<source>
		<database>roboflow.com</database>
	</source>
	<size>
		<width>1920</width>
		<height>1080</height>
		<depth>3</depth>
	</size>
	<segmented>0</segmented>
	<object>
		<name>abnormal</name>
		<pose>Unspecified</pose>
		<truncated>0</truncated>
		<difficult>0</difficult>
		<occluded>0</occluded>
		<bndbox>
			<xmin>769</xmin>
			<xmax>1012</xmax>
			<ymin>305</ymin>
			<ymax>539</ymax>
		</bndbox>
	</object>
</annotation>
