<annotation>
	<folder></folder>
	<filename>normal8_jpg.rf.6a6583f412ef883cf83cb2fff1dc875a.jpg</filename>
	<path>normal8_jpg.rf.6a6583f412ef883cf83cb2fff1dc875a.jpg</path>
	<source>
		<database>roboflow.com</database>
	</source>
	<size>
		<width>1920</width>
		<height>1080</height>
		<depth>3</depth>
	</size>
	<segmented>0</segmented>
	<object>
		<name>normal</name>
		<pose>Unspecified</pose>
		<truncated>0</truncated>
		<difficult>0</difficult>
		<occluded>0</occluded>
		<bndbox>
			<xmin>989</xmin>
			<xmax>1271</xmax>
			<ymin>216</ymin>
			<ymax>492</ymax>
		</bndbox>
	</object>
</annotation>
