<annotation>
	<folder></folder>
	<filename>normal22_jpg.rf.6f6cfff346bfc82e62f4924d3b5b45f3.jpg</filename>
	<path>normal22_jpg.rf.6f6cfff346bfc82e62f4924d3b5b45f3.jpg</path>
	<source>
		<database>roboflow.com</database>
	</source>
	<size>
		<width>1920</width>
		<height>1080</height>
		<depth>3</depth>
	</size>
	<segmented>0</segmented>
	<object>
		<name>abnormal</name>
		<pose>Unspecified</pose>
		<truncated>0</truncated>
		<difficult>0</difficult>
		<occluded>0</occluded>
		<bndbox>
			<xmin>805</xmin>
			<xmax>1050</xmax>
			<ymin>294</ymin>
			<ymax>532</ymax>
		</bndbox>
	</object>
</annotation>
