<annotation>
	<folder></folder>
	<filename>normal22_jpg.rf.1392c5264e233faf932edbca43064c12.jpg</filename>
	<path>normal22_jpg.rf.1392c5264e233faf932edbca43064c12.jpg</path>
	<source>
		<database>roboflow.com</database>
	</source>
	<size>
		<width>1920</width>
		<height>1080</height>
		<depth>3</depth>
	</size>
	<segmented>0</segmented>
	<object>
		<name>abnormal</name>
		<pose>Unspecified</pose>
		<truncated>0</truncated>
		<difficult>0</difficult>
		<occluded>0</occluded>
		<bndbox>
			<xmin>768</xmin>
			<xmax>1039</xmax>
			<ymin>290</ymin>
			<ymax>554</ymax>
		</bndbox>
	</object>
</annotation>
