<annotation>
	<folder></folder>
	<filename>normal22_jpg.rf.580f778ac2a70b08fbec39ab793419ba.jpg</filename>
	<path>normal22_jpg.rf.580f778ac2a70b08fbec39ab793419ba.jpg</path>
	<source>
		<database>roboflow.com</database>
	</source>
	<size>
		<width>1920</width>
		<height>1080</height>
		<depth>3</depth>
	</size>
	<segmented>0</segmented>
	<object>
		<name>abnormal</name>
		<pose>Unspecified</pose>
		<truncated>0</truncated>
		<difficult>0</difficult>
		<occluded>0</occluded>
		<bndbox>
			<xmin>810</xmin>
			<xmax>1090</xmax>
			<ymin>272</ymin>
			<ymax>546</ymax>
		</bndbox>
	</object>
</annotation>
