<annotation>
	<folder></folder>
	<filename>normal9_jpg.rf.bce2841d54ed4393a0859ac680fb0296.jpg</filename>
	<path>normal9_jpg.rf.bce2841d54ed4393a0859ac680fb0296.jpg</path>
	<source>
		<database>roboflow.com</database>
	</source>
	<size>
		<width>1920</width>
		<height>1080</height>
		<depth>3</depth>
	</size>
	<segmented>0</segmented>
	<object>
		<name>abnormal</name>
		<pose>Unspecified</pose>
		<truncated>0</truncated>
		<difficult>0</difficult>
		<occluded>0</occluded>
		<bndbox>
			<xmin>678</xmin>
			<xmax>933</xmax>
			<ymin>397</ymin>
			<ymax>639</ymax>
		</bndbox>
	</object>
</annotation>
