<annotation>
	<folder></folder>
	<filename>normal35_jpg.rf.b86f46f41d1b3eaeaae0eb7a1ff70a95.jpg</filename>
	<path>normal35_jpg.rf.b86f46f41d1b3eaeaae0eb7a1ff70a95.jpg</path>
	<source>
		<database>roboflow.com</database>
	</source>
	<size>
		<width>1920</width>
		<height>1080</height>
		<depth>3</depth>
	</size>
	<segmented>0</segmented>
	<object>
		<name>abnormal</name>
		<pose>Unspecified</pose>
		<truncated>0</truncated>
		<difficult>0</difficult>
		<occluded>0</occluded>
		<bndbox>
			<xmin>754</xmin>
			<xmax>978</xmax>
			<ymin>334</ymin>
			<ymax>606</ymax>
		</bndbox>
	</object>
</annotation>
