<annotation>
	<folder></folder>
	<filename>normal30_jpg.rf.e5004bb223c1a7a256e3d90ee6513ebd.jpg</filename>
	<path>normal30_jpg.rf.e5004bb223c1a7a256e3d90ee6513ebd.jpg</path>
	<source>
		<database>roboflow.com</database>
	</source>
	<size>
		<width>1920</width>
		<height>1080</height>
		<depth>3</depth>
	</size>
	<segmented>0</segmented>
	<object>
		<name>normal</name>
		<pose>Unspecified</pose>
		<truncated>0</truncated>
		<difficult>0</difficult>
		<occluded>0</occluded>
		<bndbox>
			<xmin>934</xmin>
			<xmax>1154</xmax>
			<ymin>349</ymin>
			<ymax>569</ymax>
		</bndbox>
	</object>
</annotation>
