<annotation>
	<folder></folder>
	<filename>normal45_jpg.rf.5ea5f34b3387b254a9b1d9add1d056ac.jpg</filename>
	<path>normal45_jpg.rf.5ea5f34b3387b254a9b1d9add1d056ac.jpg</path>
	<source>
		<database>roboflow.com</database>
	</source>
	<size>
		<width>1920</width>
		<height>1080</height>
		<depth>3</depth>
	</size>
	<segmented>0</segmented>
	<object>
		<name>normal</name>
		<pose>Unspecified</pose>
		<truncated>0</truncated>
		<difficult>0</difficult>
		<occluded>0</occluded>
		<bndbox>
			<xmin>831</xmin>
			<xmax>1058</xmax>
			<ymin>235</ymin>
			<ymax>473</ymax>
		</bndbox>
	</object>
</annotation>
