<annotation>
	<folder></folder>
	<filename>normal14_jpg.rf.65c71ea863555b2bc11d0cb24a3e3b79.jpg</filename>
	<path>normal14_jpg.rf.65c71ea863555b2bc11d0cb24a3e3b79.jpg</path>
	<source>
		<database>roboflow.com</database>
	</source>
	<size>
		<width>1920</width>
		<height>1080</height>
		<depth>3</depth>
	</size>
	<segmented>0</segmented>
	<object>
		<name>normal</name>
		<pose>Unspecified</pose>
		<truncated>0</truncated>
		<difficult>0</difficult>
		<occluded>0</occluded>
		<bndbox>
			<xmin>753</xmin>
			<xmax>968</xmax>
			<ymin>81</ymin>
			<ymax>315</ymax>
		</bndbox>
	</object>
</annotation>
