<annotation>
	<folder></folder>
	<filename>normal12_jpg.rf.27d4b4d1ba67b4b13e342a92c5b9247e.jpg</filename>
	<path>normal12_jpg.rf.27d4b4d1ba67b4b13e342a92c5b9247e.jpg</path>
	<source>
		<database>roboflow.com</database>
	</source>
	<size>
		<width>1920</width>
		<height>1080</height>
		<depth>3</depth>
	</size>
	<segmented>0</segmented>
	<object>
		<name>normal</name>
		<pose>Unspecified</pose>
		<truncated>0</truncated>
		<difficult>0</difficult>
		<occluded>0</occluded>
		<bndbox>
			<xmin>934</xmin>
			<xmax>1183</xmax>
			<ymin>373</ymin>
			<ymax>626</ymax>
		</bndbox>
	</object>
</annotation>
