<annotation>
	<folder></folder>
	<filename>normal8_jpg.rf.919b7c637b708fbaf1c82ed7a9188702.jpg</filename>
	<path>normal8_jpg.rf.919b7c637b708fbaf1c82ed7a9188702.jpg</path>
	<source>
		<database>roboflow.com</database>
	</source>
	<size>
		<width>1920</width>
		<height>1080</height>
		<depth>3</depth>
	</size>
	<segmented>0</segmented>
	<object>
		<name>abnormal</name>
		<pose>Unspecified</pose>
		<truncated>0</truncated>
		<difficult>0</difficult>
		<occluded>0</occluded>
		<bndbox>
			<xmin>716</xmin>
			<xmax>942</xmax>
			<ymin>351</ymin>
			<ymax>573</ymax>
		</bndbox>
	</object>
</annotation>
