<annotation>
	<folder></folder>
	<filename>normal35_jpg.rf.05b7fd9343e7e03dc46ac4bce3d9429d.jpg</filename>
	<path>normal35_jpg.rf.05b7fd9343e7e03dc46ac4bce3d9429d.jpg</path>
	<source>
		<database>roboflow.com</database>
	</source>
	<size>
		<width>1920</width>
		<height>1080</height>
		<depth>3</depth>
	</size>
	<segmented>0</segmented>
	<object>
		<name>normal</name>
		<pose>Unspecified</pose>
		<truncated>0</truncated>
		<difficult>0</difficult>
		<occluded>0</occluded>
		<bndbox>
			<xmin>1052</xmin>
			<xmax>1293</xmax>
			<ymin>365</ymin>
			<ymax>599</ymax>
		</bndbox>
	</object>
</annotation>
