<annotation>
	<folder></folder>
	<filename>normal4_jpg.rf.8f04efe4b35f03fbb5e51d02fbbc0d3a.jpg</filename>
	<path>normal4_jpg.rf.8f04efe4b35f03fbb5e51d02fbbc0d3a.jpg</path>
	<source>
		<database>roboflow.com</database>
	</source>
	<size>
		<width>1920</width>
		<height>1080</height>
		<depth>3</depth>
	</size>
	<segmented>0</segmented>
	<object>
		<name>normal</name>
		<pose>Unspecified</pose>
		<truncated>0</truncated>
		<difficult>0</difficult>
		<occluded>0</occluded>
		<bndbox>
			<xmin>886</xmin>
			<xmax>1146</xmax>
			<ymin>337</ymin>
			<ymax>602</ymax>
		</bndbox>
	</object>
</annotation>
