<annotation>
	<folder></folder>
	<filename>normal9_jpg.rf.508cc2440211c8066901fb609937d1c9.jpg</filename>
	<path>normal9_jpg.rf.508cc2440211c8066901fb609937d1c9.jpg</path>
	<source>
		<database>roboflow.com</database>
	</source>
	<size>
		<width>1920</width>
		<height>1080</height>
		<depth>3</depth>
	</size>
	<segmented>0</segmented>
	<object>
		<name>abnormal</name>
		<pose>Unspecified</pose>
		<truncated>0</truncated>
		<difficult>0</difficult>
		<occluded>0</occluded>
		<bndbox>
			<xmin>683</xmin>
			<xmax>945</xmax>
			<ymin>361</ymin>
			<ymax>611</ymax>
		</bndbox>
	</object>
</annotation>
