<annotation>
	<folder></folder>
	<filename>normal30_jpg.rf.7611b55bde749f1b2bf4ce8d50118d02.jpg</filename>
	<path>normal30_jpg.rf.7611b55bde749f1b2bf4ce8d50118d02.jpg</path>
	<source>
		<database>roboflow.com</database>
	</source>
	<size>
		<width>1920</width>
		<height>1080</height>
		<depth>3</depth>
	</size>
	<segmented>0</segmented>
	<object>
		<name>abnormal</name>
		<pose>Unspecified</pose>
		<truncated>0</truncated>
		<difficult>0</difficult>
		<occluded>0</occluded>
		<bndbox>
			<xmin>912</xmin>
			<xmax>1129</xmax>
			<ymin>552</ymin>
			<ymax>771</ymax>
		</bndbox>
	</object>
</annotation>
