<annotation>
	<folder></folder>
	<filename>normal12_jpg.rf.188c522a18767d257b644b8f9a0825e6.jpg</filename>
	<path>normal12_jpg.rf.188c522a18767d257b644b8f9a0825e6.jpg</path>
	<source>
		<database>roboflow.com</database>
	</source>
	<size>
		<width>1920</width>
		<height>1080</height>
		<depth>3</depth>
	</size>
	<segmented>0</segmented>
	<object>
		<name>abnormal</name>
		<pose>Unspecified</pose>
		<truncated>0</truncated>
		<difficult>0</difficult>
		<occluded>0</occluded>
		<bndbox>
			<xmin>775</xmin>
			<xmax>1014</xmax>
			<ymin>338</ymin>
			<ymax>577</ymax>
		</bndbox>
	</object>
</annotation>
