<annotation>
	<folder></folder>
	<filename>normal9_jpg.rf.ea4b2b1640a5de3f38f6fa999436613e.jpg</filename>
	<path>normal9_jpg.rf.ea4b2b1640a5de3f38f6fa999436613e.jpg</path>
	<source>
		<database>roboflow.com</database>
	</source>
	<size>
		<width>1920</width>
		<height>1080</height>
		<depth>3</depth>
	</size>
	<segmented>0</segmented>
	<object>
		<name>normal</name>
		<pose>Unspecified</pose>
		<truncated>0</truncated>
		<difficult>0</difficult>
		<occluded>0</occluded>
		<bndbox>
			<xmin>614</xmin>
			<xmax>843</xmax>
			<ymin>442</ymin>
			<ymax>657</ymax>
		</bndbox>
	</object>
</annotation>
