<annotation>
	<folder></folder>
	<filename>normal26_jpg.rf.ead73f8494ea453d0fbf29c1535418d8.jpg</filename>
	<path>normal26_jpg.rf.ead73f8494ea453d0fbf29c1535418d8.jpg</path>
	<source>
		<database>roboflow.com</database>
	</source>
	<size>
		<width>1920</width>
		<height>1080</height>
		<depth>3</depth>
	</size>
	<segmented>0</segmented>
	<object>
		<name>abnormal</name>
		<pose>Unspecified</pose>
		<truncated>0</truncated>
		<difficult>0</difficult>
		<occluded>0</occluded>
		<bndbox>
			<xmin>717</xmin>
			<xmax>971</xmax>
			<ymin>299</ymin>
			<ymax>560</ymax>
		</bndbox>
	</object>
</annotation>
