<annotation>
	<folder></folder>
	<filename>normal7_jpg.rf.000799b7a8d754490fa6f5db84e0941f.jpg</filename>
	<path>normal7_jpg.rf.000799b7a8d754490fa6f5db84e0941f.jpg</path>
	<source>
		<database>roboflow.com</database>
	</source>
	<size>
		<width>1920</width>
		<height>1080</height>
		<depth>3</depth>
	</size>
	<segmented>0</segmented>
	<object>
		<name>abnormal</name>
		<pose>Unspecified</pose>
		<truncated>0</truncated>
		<difficult>0</difficult>
		<occluded>0</occluded>
		<bndbox>
			<xmin>654</xmin>
			<xmax>878</xmax>
			<ymin>550</ymin>
			<ymax>771</ymax>
		</bndbox>
	</object>
</annotation>
