<annotation>
	<folder></folder>
	<filename>normal45_jpg.rf.e57eb26bd215b2e4f0d50e682d627ab2.jpg</filename>
	<path>normal45_jpg.rf.e57eb26bd215b2e4f0d50e682d627ab2.jpg</path>
	<source>
		<database>roboflow.com</database>
	</source>
	<size>
		<width>1920</width>
		<height>1080</height>
		<depth>3</depth>
	</size>
	<segmented>0</segmented>
	<object>
		<name>normal</name>
		<pose>Unspecified</pose>
		<truncated>0</truncated>
		<difficult>0</difficult>
		<occluded>0</occluded>
		<bndbox>
			<xmin>862</xmin>
			<xmax>1081</xmax>
			<ymin>238</ymin>
			<ymax>468</ymax>
		</bndbox>
	</object>
</annotation>
