<annotation>
	<folder></folder>
	<filename>normal34_jpg.rf.41cf6d6b046649cc25047cbc88a3e6cb.jpg</filename>
	<path>normal34_jpg.rf.41cf6d6b046649cc25047cbc88a3e6cb.jpg</path>
	<source>
		<database>roboflow.com</database>
	</source>
	<size>
		<width>1920</width>
		<height>1080</height>
		<depth>3</depth>
	</size>
	<segmented>0</segmented>
	<object>
		<name>normal</name>
		<pose>Unspecified</pose>
		<truncated>0</truncated>
		<difficult>0</difficult>
		<occluded>0</occluded>
		<bndbox>
			<xmin>954</xmin>
			<xmax>1179</xmax>
			<ymin>443</ymin>
			<ymax>662</ymax>
		</bndbox>
	</object>
</annotation>
