<annotation>
	<folder></folder>
	<filename>normal4_jpg.rf.08bc6a9cc9665173fcce63681c84db96.jpg</filename>
	<path>normal4_jpg.rf.08bc6a9cc9665173fcce63681c84db96.jpg</path>
	<source>
		<database>roboflow.com</database>
	</source>
	<size>
		<width>1920</width>
		<height>1080</height>
		<depth>3</depth>
	</size>
	<segmented>0</segmented>
	<object>
		<name>normal</name>
		<pose>Unspecified</pose>
		<truncated>0</truncated>
		<difficult>0</difficult>
		<occluded>0</occluded>
		<bndbox>
			<xmin>874</xmin>
			<xmax>1117</xmax>
			<ymin>333</ymin>
			<ymax>582</ymax>
		</bndbox>
	</object>
</annotation>
