<annotation>
	<folder></folder>
	<filename>normal24_jpg.rf.f94af407326b0e4f0eb8317f285d6055.jpg</filename>
	<path>normal24_jpg.rf.f94af407326b0e4f0eb8317f285d6055.jpg</path>
	<source>
		<database>roboflow.com</database>
	</source>
	<size>
		<width>1920</width>
		<height>1080</height>
		<depth>3</depth>
	</size>
	<segmented>0</segmented>
	<object>
		<name>abnormal</name>
		<pose>Unspecified</pose>
		<truncated>0</truncated>
		<difficult>0</difficult>
		<occluded>0</occluded>
		<bndbox>
			<xmin>773</xmin>
			<xmax>991</xmax>
			<ymin>266</ymin>
			<ymax>482</ymax>
		</bndbox>
	</object>
</annotation>
