<annotation>
	<folder></folder>
	<filename>normal34_jpg.rf.e0d6989ea45cbb449d0694b9d9b2fec7.jpg</filename>
	<path>normal34_jpg.rf.e0d6989ea45cbb449d0694b9d9b2fec7.jpg</path>
	<source>
		<database>roboflow.com</database>
	</source>
	<size>
		<width>1920</width>
		<height>1080</height>
		<depth>3</depth>
	</size>
	<segmented>0</segmented>
	<object>
		<name>abnormal</name>
		<pose>Unspecified</pose>
		<truncated>0</truncated>
		<difficult>0</difficult>
		<occluded>0</occluded>
		<bndbox>
			<xmin>767</xmin>
			<xmax>1011</xmax>
			<ymin>229</ymin>
			<ymax>476</ymax>
		</bndbox>
	</object>
</annotation>
