<annotation>
	<folder></folder>
	<filename>normal32_jpg.rf.32769a209df2bfd905a2e1f61e5302ac.jpg</filename>
	<path>normal32_jpg.rf.32769a209df2bfd905a2e1f61e5302ac.jpg</path>
	<source>
		<database>roboflow.com</database>
	</source>
	<size>
		<width>1920</width>
		<height>1080</height>
		<depth>3</depth>
	</size>
	<segmented>0</segmented>
	<object>
		<name>abnormal</name>
		<pose>Unspecified</pose>
		<truncated>0</truncated>
		<difficult>0</difficult>
		<occluded>0</occluded>
		<bndbox>
			<xmin>708</xmin>
			<xmax>932</xmax>
			<ymin>318</ymin>
			<ymax>532</ymax>
		</bndbox>
	</object>
</annotation>
