<annotation>
	<folder></folder>
	<filename>normal17_jpg.rf.09a44250d1aaef5f5fd93bf11fff39e6.jpg</filename>
	<path>normal17_jpg.rf.09a44250d1aaef5f5fd93bf11fff39e6.jpg</path>
	<source>
		<database>roboflow.com</database>
	</source>
	<size>
		<width>1920</width>
		<height>1080</height>
		<depth>3</depth>
	</size>
	<segmented>0</segmented>
	<object>
		<name>normal</name>
		<pose>Unspecified</pose>
		<truncated>0</truncated>
		<difficult>0</difficult>
		<occluded>0</occluded>
		<bndbox>
			<xmin>876</xmin>
			<xmax>1099</xmax>
			<ymin>340</ymin>
			<ymax>568</ymax>
		</bndbox>
	</object>
</annotation>
