<annotation>
	<folder></folder>
	<filename>normal23_jpg.rf.83eddd7213ad9a94232435ecfd08d02a.jpg</filename>
	<path>normal23_jpg.rf.83eddd7213ad9a94232435ecfd08d02a.jpg</path>
	<source>
		<database>roboflow.com</database>
	</source>
	<size>
		<width>1920</width>
		<height>1080</height>
		<depth>3</depth>
	</size>
	<segmented>0</segmented>
	<object>
		<name>normal</name>
		<pose>Unspecified</pose>
		<truncated>0</truncated>
		<difficult>0</difficult>
		<occluded>0</occluded>
		<bndbox>
			<xmin>1033</xmin>
			<xmax>1302</xmax>
			<ymin>437</ymin>
			<ymax>689</ymax>
		</bndbox>
	</object>
</annotation>
