<annotation>
	<folder></folder>
	<filename>normal19_jpg.rf.61c1e405e36c3f79a596e60aaef4c724.jpg</filename>
	<path>normal19_jpg.rf.61c1e405e36c3f79a596e60aaef4c724.jpg</path>
	<source>
		<database>roboflow.com</database>
	</source>
	<size>
		<width>1920</width>
		<height>1080</height>
		<depth>3</depth>
	</size>
	<segmented>0</segmented>
	<object>
		<name>normal</name>
		<pose>Unspecified</pose>
		<truncated>0</truncated>
		<difficult>0</difficult>
		<occluded>0</occluded>
		<bndbox>
			<xmin>867</xmin>
			<xmax>1093</xmax>
			<ymin>190</ymin>
			<ymax>436</ymax>
		</bndbox>
	</object>
</annotation>
