<annotation>
	<folder></folder>
	<filename>normal3_jpg.rf.820002f6900f30ebb81f749aeb915890.jpg</filename>
	<path>normal3_jpg.rf.820002f6900f30ebb81f749aeb915890.jpg</path>
	<source>
		<database>roboflow.com</database>
	</source>
	<size>
		<width>1920</width>
		<height>1080</height>
		<depth>3</depth>
	</size>
	<segmented>0</segmented>
	<object>
		<name>normal</name>
		<pose>Unspecified</pose>
		<truncated>0</truncated>
		<difficult>0</difficult>
		<occluded>0</occluded>
		<bndbox>
			<xmin>728</xmin>
			<xmax>952</xmax>
			<ymin>265</ymin>
			<ymax>491</ymax>
		</bndbox>
	</object>
</annotation>
