<annotation>
	<folder></folder>
	<filename>normal29_jpg.rf.ac891dabb0cae6dcd691ec9e04968cf6.jpg</filename>
	<path>normal29_jpg.rf.ac891dabb0cae6dcd691ec9e04968cf6.jpg</path>
	<source>
		<database>roboflow.com</database>
	</source>
	<size>
		<width>1920</width>
		<height>1080</height>
		<depth>3</depth>
	</size>
	<segmented>0</segmented>
	<object>
		<name>normal</name>
		<pose>Unspecified</pose>
		<truncated>0</truncated>
		<difficult>0</difficult>
		<occluded>0</occluded>
		<bndbox>
			<xmin>960</xmin>
			<xmax>1197</xmax>
			<ymin>378</ymin>
			<ymax>605</ymax>
		</bndbox>
	</object>
</annotation>
