<annotation>
	<folder></folder>
	<filename>normal13_jpg.rf.7ad43d373553bf075da6f3a8b2b9da12.jpg</filename>
	<path>normal13_jpg.rf.7ad43d373553bf075da6f3a8b2b9da12.jpg</path>
	<source>
		<database>roboflow.com</database>
	</source>
	<size>
		<width>1920</width>
		<height>1080</height>
		<depth>3</depth>
	</size>
	<segmented>0</segmented>
	<object>
		<name>normal</name>
		<pose>Unspecified</pose>
		<truncated>0</truncated>
		<difficult>0</difficult>
		<occluded>0</occluded>
		<bndbox>
			<xmin>855</xmin>
			<xmax>1108</xmax>
			<ymin>152</ymin>
			<ymax>410</ymax>
		</bndbox>
	</object>
</annotation>
