<annotation>
	<folder></folder>
	<filename>normal31_jpg.rf.982579738c90ff713f0f31c2babd42aa.jpg</filename>
	<path>normal31_jpg.rf.982579738c90ff713f0f31c2babd42aa.jpg</path>
	<source>
		<database>roboflow.com</database>
	</source>
	<size>
		<width>1920</width>
		<height>1080</height>
		<depth>3</depth>
	</size>
	<segmented>0</segmented>
	<object>
		<name>abnormal</name>
		<pose>Unspecified</pose>
		<truncated>0</truncated>
		<difficult>0</difficult>
		<occluded>0</occluded>
		<bndbox>
			<xmin>903</xmin>
			<xmax>1142</xmax>
			<ymin>252</ymin>
			<ymax>487</ymax>
		</bndbox>
	</object>
</annotation>
