<annotation>
	<folder></folder>
	<filename>normal20_jpg.rf.931691c4794d368dfa6bc0ff71e781e5.jpg</filename>
	<path>normal20_jpg.rf.931691c4794d368dfa6bc0ff71e781e5.jpg</path>
	<source>
		<database>roboflow.com</database>
	</source>
	<size>
		<width>1920</width>
		<height>1080</height>
		<depth>3</depth>
	</size>
	<segmented>0</segmented>
	<object>
		<name>normal</name>
		<pose>Unspecified</pose>
		<truncated>0</truncated>
		<difficult>0</difficult>
		<occluded>0</occluded>
		<bndbox>
			<xmin>805</xmin>
			<xmax>1074</xmax>
			<ymin>303</ymin>
			<ymax>577</ymax>
		</bndbox>
	</object>
</annotation>
