<annotation>
	<folder></folder>
	<filename>normal20_jpg.rf.17f25b3647bc9aa8ae07bb254d560bf1.jpg</filename>
	<path>normal20_jpg.rf.17f25b3647bc9aa8ae07bb254d560bf1.jpg</path>
	<source>
		<database>roboflow.com</database>
	</source>
	<size>
		<width>1920</width>
		<height>1080</height>
		<depth>3</depth>
	</size>
	<segmented>0</segmented>
	<object>
		<name>abnormal</name>
		<pose>Unspecified</pose>
		<truncated>0</truncated>
		<difficult>0</difficult>
		<occluded>0</occluded>
		<bndbox>
			<xmin>992</xmin>
			<xmax>1221</xmax>
			<ymin>281</ymin>
			<ymax>527</ymax>
		</bndbox>
	</object>
</annotation>
