<annotation>
	<folder></folder>
	<filename>normal25_jpg.rf.f275726a9f3eacc681f63966c59ee7ff.jpg</filename>
	<path>normal25_jpg.rf.f275726a9f3eacc681f63966c59ee7ff.jpg</path>
	<source>
		<database>roboflow.com</database>
	</source>
	<size>
		<width>1920</width>
		<height>1080</height>
		<depth>3</depth>
	</size>
	<segmented>0</segmented>
	<object>
		<name>normal</name>
		<pose>Unspecified</pose>
		<truncated>0</truncated>
		<difficult>0</difficult>
		<occluded>0</occluded>
		<bndbox>
			<xmin>831</xmin>
			<xmax>1048</xmax>
			<ymin>268</ymin>
			<ymax>498</ymax>
		</bndbox>
	</object>
</annotation>
