<annotation>
	<folder></folder>
	<filename>normal1_jpg.rf.9c180af9184115c2ae306b1b26d5134c.jpg</filename>
	<path>normal1_jpg.rf.9c180af9184115c2ae306b1b26d5134c.jpg</path>
	<source>
		<database>roboflow.com</database>
	</source>
	<size>
		<width>1920</width>
		<height>1080</height>
		<depth>3</depth>
	</size>
	<segmented>0</segmented>
	<object>
		<name>abnormal</name>
		<pose>Unspecified</pose>
		<truncated>0</truncated>
		<difficult>0</difficult>
		<occluded>0</occluded>
		<bndbox>
			<xmin>618</xmin>
			<xmax>942</xmax>
			<ymin>324</ymin>
			<ymax>590</ymax>
		</bndbox>
	</object>
</annotation>
