<annotation>
	<folder></folder>
	<filename>normal27_jpg.rf.258fe105dbd797843b38bffee948df63.jpg</filename>
	<path>normal27_jpg.rf.258fe105dbd797843b38bffee948df63.jpg</path>
	<source>
		<database>roboflow.com</database>
	</source>
	<size>
		<width>1920</width>
		<height>1080</height>
		<depth>3</depth>
	</size>
	<segmented>0</segmented>
	<object>
		<name>normal</name>
		<pose>Unspecified</pose>
		<truncated>0</truncated>
		<difficult>0</difficult>
		<occluded>0</occluded>
		<bndbox>
			<xmin>1005</xmin>
			<xmax>1237</xmax>
			<ymin>254</ymin>
			<ymax>483</ymax>
		</bndbox>
	</object>
</annotation>
