<annotation>
	<folder></folder>
	<filename>normal19_jpg.rf.37236de492d85b0dc48f8a617db04622.jpg</filename>
	<path>normal19_jpg.rf.37236de492d85b0dc48f8a617db04622.jpg</path>
	<source>
		<database>roboflow.com</database>
	</source>
	<size>
		<width>1920</width>
		<height>1080</height>
		<depth>3</depth>
	</size>
	<segmented>0</segmented>
	<object>
		<name>normal</name>
		<pose>Unspecified</pose>
		<truncated>0</truncated>
		<difficult>0</difficult>
		<occluded>0</occluded>
		<bndbox>
			<xmin>819</xmin>
			<xmax>1045</xmax>
			<ymin>191</ymin>
			<ymax>437</ymax>
		</bndbox>
	</object>
</annotation>
