<annotation>
	<folder></folder>
	<filename>normal22_jpg.rf.c05c4754a1b6d0cabe4a0995e0cf3bc4.jpg</filename>
	<path>normal22_jpg.rf.c05c4754a1b6d0cabe4a0995e0cf3bc4.jpg</path>
	<source>
		<database>roboflow.com</database>
	</source>
	<size>
		<width>1920</width>
		<height>1080</height>
		<depth>3</depth>
	</size>
	<segmented>0</segmented>
	<object>
		<name>abnormal</name>
		<pose>Unspecified</pose>
		<truncated>0</truncated>
		<difficult>0</difficult>
		<occluded>0</occluded>
		<bndbox>
			<xmin>804</xmin>
			<xmax>1042</xmax>
			<ymin>299</ymin>
			<ymax>529</ymax>
		</bndbox>
	</object>
</annotation>
