<annotation>
	<folder></folder>
	<filename>normal1_jpg.rf.51d6cde080440063e4d1ab32d91361b1.jpg</filename>
	<path>normal1_jpg.rf.51d6cde080440063e4d1ab32d91361b1.jpg</path>
	<source>
		<database>roboflow.com</database>
	</source>
	<size>
		<width>1920</width>
		<height>1080</height>
		<depth>3</depth>
	</size>
	<segmented>0</segmented>
	<object>
		<name>normal</name>
		<pose>Unspecified</pose>
		<truncated>0</truncated>
		<difficult>0</difficult>
		<occluded>0</occluded>
		<bndbox>
			<xmin>878</xmin>
			<xmax>1119</xmax>
			<ymin>310</ymin>
			<ymax>559</ymax>
		</bndbox>
	</object>
</annotation>
