<annotation>
	<folder></folder>
	<filename>normal43_jpg.rf.a1e3b2de53c92f336214fd0cebba13ac.jpg</filename>
	<path>normal43_jpg.rf.a1e3b2de53c92f336214fd0cebba13ac.jpg</path>
	<source>
		<database>roboflow.com</database>
	</source>
	<size>
		<width>1920</width>
		<height>1080</height>
		<depth>3</depth>
	</size>
	<segmented>0</segmented>
	<object>
		<name>normal</name>
		<pose>Unspecified</pose>
		<truncated>0</truncated>
		<difficult>0</difficult>
		<occluded>0</occluded>
		<bndbox>
			<xmin>593</xmin>
			<xmax>828</xmax>
			<ymin>588</ymin>
			<ymax>804</ymax>
		</bndbox>
	</object>
</annotation>
