<annotation>
	<folder></folder>
	<filename>normal12_jpg.rf.ea9a1c9637f00e23bb1b2d0d37768112.jpg</filename>
	<path>normal12_jpg.rf.ea9a1c9637f00e23bb1b2d0d37768112.jpg</path>
	<source>
		<database>roboflow.com</database>
	</source>
	<size>
		<width>1920</width>
		<height>1080</height>
		<depth>3</depth>
	</size>
	<segmented>0</segmented>
	<object>
		<name>normal</name>
		<pose>Unspecified</pose>
		<truncated>0</truncated>
		<difficult>0</difficult>
		<occluded>0</occluded>
		<bndbox>
			<xmin>944</xmin>
			<xmax>1178</xmax>
			<ymin>387</ymin>
			<ymax>626</ymax>
		</bndbox>
	</object>
</annotation>
