<annotation>
	<folder></folder>
	<filename>normal28_jpg.rf.4dbfe6626d51ae028ead566c79d89443.jpg</filename>
	<path>normal28_jpg.rf.4dbfe6626d51ae028ead566c79d89443.jpg</path>
	<source>
		<database>roboflow.com</database>
	</source>
	<size>
		<width>1920</width>
		<height>1080</height>
		<depth>3</depth>
	</size>
	<segmented>0</segmented>
	<object>
		<name>normal</name>
		<pose>Unspecified</pose>
		<truncated>0</truncated>
		<difficult>0</difficult>
		<occluded>0</occluded>
		<bndbox>
			<xmin>421</xmin>
			<xmax>680</xmax>
			<ymin>228</ymin>
			<ymax>486</ymax>
		</bndbox>
	</object>
</annotation>
