<annotation>
	<folder></folder>
	<filename>normal17_jpg.rf.077c486cbc52fa22e63e6c223092671e.jpg</filename>
	<path>normal17_jpg.rf.077c486cbc52fa22e63e6c223092671e.jpg</path>
	<source>
		<database>roboflow.com</database>
	</source>
	<size>
		<width>1920</width>
		<height>1080</height>
		<depth>3</depth>
	</size>
	<segmented>0</segmented>
	<object>
		<name>abnormal</name>
		<pose>Unspecified</pose>
		<truncated>0</truncated>
		<difficult>0</difficult>
		<occluded>0</occluded>
		<bndbox>
			<xmin>646</xmin>
			<xmax>931</xmax>
			<ymin>251</ymin>
			<ymax>548</ymax>
		</bndbox>
	</object>
</annotation>
