<annotation>
	<folder></folder>
	<filename>normal24_jpg.rf.14b08305b8eb2bcbe3cc3ece460f026f.jpg</filename>
	<path>normal24_jpg.rf.14b08305b8eb2bcbe3cc3ece460f026f.jpg</path>
	<source>
		<database>roboflow.com</database>
	</source>
	<size>
		<width>1920</width>
		<height>1080</height>
		<depth>3</depth>
	</size>
	<segmented>0</segmented>
	<object>
		<name>abnormal</name>
		<pose>Unspecified</pose>
		<truncated>0</truncated>
		<difficult>0</difficult>
		<occluded>0</occluded>
		<bndbox>
			<xmin>787</xmin>
			<xmax>1043</xmax>
			<ymin>235</ymin>
			<ymax>489</ymax>
		</bndbox>
	</object>
</annotation>
