<annotation>
	<folder></folder>
	<filename>normal18_jpg.rf.e55e95730a91ec3f5e0161bf0528313b.jpg</filename>
	<path>normal18_jpg.rf.e55e95730a91ec3f5e0161bf0528313b.jpg</path>
	<source>
		<database>roboflow.com</database>
	</source>
	<size>
		<width>1920</width>
		<height>1080</height>
		<depth>3</depth>
	</size>
	<segmented>0</segmented>
	<object>
		<name>abnormal</name>
		<pose>Unspecified</pose>
		<truncated>0</truncated>
		<difficult>0</difficult>
		<occluded>0</occluded>
		<bndbox>
			<xmin>914</xmin>
			<xmax>1187</xmax>
			<ymin>208</ymin>
			<ymax>493</ymax>
		</bndbox>
	</object>
</annotation>
