<annotation>
	<folder></folder>
	<filename>normal19_jpg.rf.aabd2701f2dfdd7bb1f590c9bac56cf0.jpg</filename>
	<path>normal19_jpg.rf.aabd2701f2dfdd7bb1f590c9bac56cf0.jpg</path>
	<source>
		<database>roboflow.com</database>
	</source>
	<size>
		<width>1920</width>
		<height>1080</height>
		<depth>3</depth>
	</size>
	<segmented>0</segmented>
	<object>
		<name>normal</name>
		<pose>Unspecified</pose>
		<truncated>0</truncated>
		<difficult>0</difficult>
		<occluded>0</occluded>
		<bndbox>
			<xmin>854</xmin>
			<xmax>1058</xmax>
			<ymin>199</ymin>
			<ymax>425</ymax>
		</bndbox>
	</object>
</annotation>
