<annotation>
	<folder></folder>
	<filename>normal9_jpg.rf.8c9cd4b9a56ac2e7967ee03667c0c0a7.jpg</filename>
	<path>normal9_jpg.rf.8c9cd4b9a56ac2e7967ee03667c0c0a7.jpg</path>
	<source>
		<database>roboflow.com</database>
	</source>
	<size>
		<width>1920</width>
		<height>1080</height>
		<depth>3</depth>
	</size>
	<segmented>0</segmented>
	<object>
		<name>normal</name>
		<pose>Unspecified</pose>
		<truncated>0</truncated>
		<difficult>0</difficult>
		<occluded>0</occluded>
		<bndbox>
			<xmin>614</xmin>
			<xmax>843</xmax>
			<ymin>450</ymin>
			<ymax>665</ymax>
		</bndbox>
	</object>
</annotation>
