<annotation>
	<folder></folder>
	<filename>normal14_jpg.rf.0b4f7ecd98ae5ebdbb44426792f31989.jpg</filename>
	<path>normal14_jpg.rf.0b4f7ecd98ae5ebdbb44426792f31989.jpg</path>
	<source>
		<database>roboflow.com</database>
	</source>
	<size>
		<width>1920</width>
		<height>1080</height>
		<depth>3</depth>
	</size>
	<segmented>0</segmented>
	<object>
		<name>abnormal</name>
		<pose>Unspecified</pose>
		<truncated>0</truncated>
		<difficult>0</difficult>
		<occluded>0</occluded>
		<bndbox>
			<xmin>687</xmin>
			<xmax>928</xmax>
			<ymin>287</ymin>
			<ymax>542</ymax>
		</bndbox>
	</object>
</annotation>
