<annotation>
	<folder></folder>
	<filename>normal13_jpg.rf.73b254ca52a6d333f9939d6b70991a52.jpg</filename>
	<path>normal13_jpg.rf.73b254ca52a6d333f9939d6b70991a52.jpg</path>
	<source>
		<database>roboflow.com</database>
	</source>
	<size>
		<width>1920</width>
		<height>1080</height>
		<depth>3</depth>
	</size>
	<segmented>0</segmented>
	<object>
		<name>normal</name>
		<pose>Unspecified</pose>
		<truncated>0</truncated>
		<difficult>0</difficult>
		<occluded>0</occluded>
		<bndbox>
			<xmin>916</xmin>
			<xmax>1145</xmax>
			<ymin>173</ymin>
			<ymax>406</ymax>
		</bndbox>
	</object>
</annotation>
