<annotation>
	<folder></folder>
	<filename>normal2_jpg.rf.7c4e45084cd13b8695196e7c418cd8e0.jpg</filename>
	<path>normal2_jpg.rf.7c4e45084cd13b8695196e7c418cd8e0.jpg</path>
	<source>
		<database>roboflow.com</database>
	</source>
	<size>
		<width>1920</width>
		<height>1080</height>
		<depth>3</depth>
	</size>
	<segmented>0</segmented>
	<object>
		<name>abnormal</name>
		<pose>Unspecified</pose>
		<truncated>0</truncated>
		<difficult>0</difficult>
		<occluded>0</occluded>
		<bndbox>
			<xmin>714</xmin>
			<xmax>939</xmax>
			<ymin>321</ymin>
			<ymax>550</ymax>
		</bndbox>
	</object>
</annotation>
