<annotation>
	<folder></folder>
	<filename>normal7_jpg.rf.516c0310f856de3a9c48087e1eec7040.jpg</filename>
	<path>normal7_jpg.rf.516c0310f856de3a9c48087e1eec7040.jpg</path>
	<source>
		<database>roboflow.com</database>
	</source>
	<size>
		<width>1920</width>
		<height>1080</height>
		<depth>3</depth>
	</size>
	<segmented>0</segmented>
	<object>
		<name>normal</name>
		<pose>Unspecified</pose>
		<truncated>0</truncated>
		<difficult>0</difficult>
		<occluded>0</occluded>
		<bndbox>
			<xmin>883</xmin>
			<xmax>1090</xmax>
			<ymin>555</ymin>
			<ymax>778</ymax>
		</bndbox>
	</object>
</annotation>
