<annotation>
	<folder></folder>
	<filename>normal6_jpg.rf.9b673a0d5ad94d60ba4b0fdf198ee3f0.jpg</filename>
	<path>normal6_jpg.rf.9b673a0d5ad94d60ba4b0fdf198ee3f0.jpg</path>
	<source>
		<database>roboflow.com</database>
	</source>
	<size>
		<width>1920</width>
		<height>1080</height>
		<depth>3</depth>
	</size>
	<segmented>0</segmented>
	<object>
		<name>abnormal</name>
		<pose>Unspecified</pose>
		<truncated>0</truncated>
		<difficult>0</difficult>
		<occluded>0</occluded>
		<bndbox>
			<xmin>674</xmin>
			<xmax>928</xmax>
			<ymin>319</ymin>
			<ymax>591</ymax>
		</bndbox>
	</object>
</annotation>
