<annotation>
	<folder></folder>
	<filename>normal12_jpg.rf.ada7303fbd9d8191b85b25ba3d1b3383.jpg</filename>
	<path>normal12_jpg.rf.ada7303fbd9d8191b85b25ba3d1b3383.jpg</path>
	<source>
		<database>roboflow.com</database>
	</source>
	<size>
		<width>1920</width>
		<height>1080</height>
		<depth>3</depth>
	</size>
	<segmented>0</segmented>
	<object>
		<name>abnormal</name>
		<pose>Unspecified</pose>
		<truncated>0</truncated>
		<difficult>0</difficult>
		<occluded>0</occluded>
		<bndbox>
			<xmin>778</xmin>
			<xmax>993</xmax>
			<ymin>358</ymin>
			<ymax>573</ymax>
		</bndbox>
	</object>
</annotation>
