<annotation>
	<folder></folder>
	<filename>normal31_jpg.rf.f5b2e10239520c0583141aaf8b0c982a.jpg</filename>
	<path>normal31_jpg.rf.f5b2e10239520c0583141aaf8b0c982a.jpg</path>
	<source>
		<database>roboflow.com</database>
	</source>
	<size>
		<width>1920</width>
		<height>1080</height>
		<depth>3</depth>
	</size>
	<segmented>0</segmented>
	<object>
		<name>normal</name>
		<pose>Unspecified</pose>
		<truncated>0</truncated>
		<difficult>0</difficult>
		<occluded>0</occluded>
		<bndbox>
			<xmin>681</xmin>
			<xmax>918</xmax>
			<ymin>193</ymin>
			<ymax>434</ymax>
		</bndbox>
	</object>
</annotation>
