<annotation>
	<folder></folder>
	<filename>normal2_jpg.rf.d87f1a356ed3aec5373933fba0c4aafd.jpg</filename>
	<path>normal2_jpg.rf.d87f1a356ed3aec5373933fba0c4aafd.jpg</path>
	<source>
		<database>roboflow.com</database>
	</source>
	<size>
		<width>1920</width>
		<height>1080</height>
		<depth>3</depth>
	</size>
	<segmented>0</segmented>
	<object>
		<name>normal</name>
		<pose>Unspecified</pose>
		<truncated>0</truncated>
		<difficult>0</difficult>
		<occluded>0</occluded>
		<bndbox>
			<xmin>1218</xmin>
			<xmax>1459</xmax>
			<ymin>394</ymin>
			<ymax>604</ymax>
		</bndbox>
	</object>
</annotation>
