<annotation>
	<folder></folder>
	<filename>normal21_jpg.rf.4879df7aa19f8b9786defe9aeb452075.jpg</filename>
	<path>normal21_jpg.rf.4879df7aa19f8b9786defe9aeb452075.jpg</path>
	<source>
		<database>roboflow.com</database>
	</source>
	<size>
		<width>1920</width>
		<height>1080</height>
		<depth>3</depth>
	</size>
	<segmented>0</segmented>
	<object>
		<name>abnormal</name>
		<pose>Unspecified</pose>
		<truncated>0</truncated>
		<difficult>0</difficult>
		<occluded>0</occluded>
		<bndbox>
			<xmin>714</xmin>
			<xmax>933</xmax>
			<ymin>311</ymin>
			<ymax>514</ymax>
		</bndbox>
	</object>
</annotation>
