<annotation>
	<folder></folder>
	<filename>normal4_jpg.rf.abc4ecc3b730cd805dcd15f5bbd0f37b.jpg</filename>
	<path>normal4_jpg.rf.abc4ecc3b730cd805dcd15f5bbd0f37b.jpg</path>
	<source>
		<database>roboflow.com</database>
	</source>
	<size>
		<width>1920</width>
		<height>1080</height>
		<depth>3</depth>
	</size>
	<segmented>0</segmented>
	<object>
		<name>abnormal</name>
		<pose>Unspecified</pose>
		<truncated>0</truncated>
		<difficult>0</difficult>
		<occluded>0</occluded>
		<bndbox>
			<xmin>910</xmin>
			<xmax>1149</xmax>
			<ymin>546</ymin>
			<ymax>776</ymax>
		</bndbox>
	</object>
</annotation>
