<annotation>
	<folder></folder>
	<filename>normal21_jpg.rf.9e4ff6729d7d8a7467a1081d2936c5d3.jpg</filename>
	<path>normal21_jpg.rf.9e4ff6729d7d8a7467a1081d2936c5d3.jpg</path>
	<source>
		<database>roboflow.com</database>
	</source>
	<size>
		<width>1920</width>
		<height>1080</height>
		<depth>3</depth>
	</size>
	<segmented>0</segmented>
	<object>
		<name>normal</name>
		<pose>Unspecified</pose>
		<truncated>0</truncated>
		<difficult>0</difficult>
		<occluded>0</occluded>
		<bndbox>
			<xmin>997</xmin>
			<xmax>1273</xmax>
			<ymin>334</ymin>
			<ymax>613</ymax>
		</bndbox>
	</object>
</annotation>
