<annotation>
	<folder></folder>
	<filename>normal21_jpg.rf.385a4dd55745dc19f285583066b1d646.jpg</filename>
	<path>normal21_jpg.rf.385a4dd55745dc19f285583066b1d646.jpg</path>
	<source>
		<database>roboflow.com</database>
	</source>
	<size>
		<width>1920</width>
		<height>1080</height>
		<depth>3</depth>
	</size>
	<segmented>0</segmented>
	<object>
		<name>normal</name>
		<pose>Unspecified</pose>
		<truncated>0</truncated>
		<difficult>0</difficult>
		<occluded>0</occluded>
		<bndbox>
			<xmin>1000</xmin>
			<xmax>1251</xmax>
			<ymin>326</ymin>
			<ymax>580</ymax>
		</bndbox>
	</object>
</annotation>
