<annotation>
	<folder></folder>
	<filename>normal2_jpg.rf.53d49ebc6192ae9635b7befcccde933d.jpg</filename>
	<path>normal2_jpg.rf.53d49ebc6192ae9635b7befcccde933d.jpg</path>
	<source>
		<database>roboflow.com</database>
	</source>
	<size>
		<width>1920</width>
		<height>1080</height>
		<depth>3</depth>
	</size>
	<segmented>0</segmented>
	<object>
		<name>abnormal</name>
		<pose>Unspecified</pose>
		<truncated>0</truncated>
		<difficult>0</difficult>
		<occluded>0</occluded>
		<bndbox>
			<xmin>990</xmin>
			<xmax>1208</xmax>
			<ymin>329</ymin>
			<ymax>551</ymax>
		</bndbox>
	</object>
</annotation>
