<annotation>
	<folder></folder>
	<filename>normal12_jpg.rf.f956de1d893d3782381c79b754be8e93.jpg</filename>
	<path>normal12_jpg.rf.f956de1d893d3782381c79b754be8e93.jpg</path>
	<source>
		<database>roboflow.com</database>
	</source>
	<size>
		<width>1920</width>
		<height>1080</height>
		<depth>3</depth>
	</size>
	<segmented>0</segmented>
	<object>
		<name>normal</name>
		<pose>Unspecified</pose>
		<truncated>0</truncated>
		<difficult>0</difficult>
		<occluded>0</occluded>
		<bndbox>
			<xmin>926</xmin>
			<xmax>1185</xmax>
			<ymin>363</ymin>
			<ymax>626</ymax>
		</bndbox>
	</object>
</annotation>
