<annotation>
	<folder></folder>
	<filename>normal10_jpg.rf.3d72367e21efced8ff28864dc55399ee.jpg</filename>
	<path>normal10_jpg.rf.3d72367e21efced8ff28864dc55399ee.jpg</path>
	<source>
		<database>roboflow.com</database>
	</source>
	<size>
		<width>1920</width>
		<height>1080</height>
		<depth>3</depth>
	</size>
	<segmented>0</segmented>
	<object>
		<name>abnormal</name>
		<pose>Unspecified</pose>
		<truncated>0</truncated>
		<difficult>0</difficult>
		<occluded>0</occluded>
		<bndbox>
			<xmin>640</xmin>
			<xmax>917</xmax>
			<ymin>319</ymin>
			<ymax>612</ymax>
		</bndbox>
	</object>
</annotation>
