<annotation>
	<folder></folder>
	<filename>normal33_jpg.rf.cebe5c767d80952f06db5d7b7a0ac9a5.jpg</filename>
	<path>normal33_jpg.rf.cebe5c767d80952f06db5d7b7a0ac9a5.jpg</path>
	<source>
		<database>roboflow.com</database>
	</source>
	<size>
		<width>1920</width>
		<height>1080</height>
		<depth>3</depth>
	</size>
	<segmented>0</segmented>
	<object>
		<name>abnormal</name>
		<pose>Unspecified</pose>
		<truncated>0</truncated>
		<difficult>0</difficult>
		<occluded>0</occluded>
		<bndbox>
			<xmin>901</xmin>
			<xmax>1115</xmax>
			<ymin>246</ymin>
			<ymax>471</ymax>
		</bndbox>
	</object>
</annotation>
