<annotation>
	<folder></folder>
	<filename>normal12_jpg.rf.b2b7c18757cf0e7535dcc5caa8fcdc4b.jpg</filename>
	<path>normal12_jpg.rf.b2b7c18757cf0e7535dcc5caa8fcdc4b.jpg</path>
	<source>
		<database>roboflow.com</database>
	</source>
	<size>
		<width>1920</width>
		<height>1080</height>
		<depth>3</depth>
	</size>
	<segmented>0</segmented>
	<object>
		<name>abnormal</name>
		<pose>Unspecified</pose>
		<truncated>0</truncated>
		<difficult>0</difficult>
		<occluded>0</occluded>
		<bndbox>
			<xmin>750</xmin>
			<xmax>995</xmax>
			<ymin>359</ymin>
			<ymax>604</ymax>
		</bndbox>
	</object>
</annotation>
