<annotation>
	<folder></folder>
	<filename>normal5_jpg.rf.003b734910be4a6038daaa370960750b.jpg</filename>
	<path>normal5_jpg.rf.003b734910be4a6038daaa370960750b.jpg</path>
	<source>
		<database>roboflow.com</database>
	</source>
	<size>
		<width>1920</width>
		<height>1080</height>
		<depth>3</depth>
	</size>
	<segmented>0</segmented>
	<object>
		<name>abnormal</name>
		<pose>Unspecified</pose>
		<truncated>0</truncated>
		<difficult>0</difficult>
		<occluded>0</occluded>
		<bndbox>
			<xmin>476</xmin>
			<xmax>769</xmax>
			<ymin>409</ymin>
			<ymax>694</ymax>
		</bndbox>
	</object>
</annotation>
