<annotation>
	<folder></folder>
	<filename>normal12_jpg.rf.a3633c27da1efb749ed5e814e8e64455.jpg</filename>
	<path>normal12_jpg.rf.a3633c27da1efb749ed5e814e8e64455.jpg</path>
	<source>
		<database>roboflow.com</database>
	</source>
	<size>
		<width>1920</width>
		<height>1080</height>
		<depth>3</depth>
	</size>
	<segmented>0</segmented>
	<object>
		<name>normal</name>
		<pose>Unspecified</pose>
		<truncated>0</truncated>
		<difficult>0</difficult>
		<occluded>0</occluded>
		<bndbox>
			<xmin>946</xmin>
			<xmax>1176</xmax>
			<ymin>391</ymin>
			<ymax>626</ymax>
		</bndbox>
	</object>
</annotation>
