<annotation>
	<folder></folder>
	<filename>normal5_jpg.rf.593632d6b47acb0d68f195739969a04c.jpg</filename>
	<path>normal5_jpg.rf.593632d6b47acb0d68f195739969a04c.jpg</path>
	<source>
		<database>roboflow.com</database>
	</source>
	<size>
		<width>1920</width>
		<height>1080</height>
		<depth>3</depth>
	</size>
	<segmented>0</segmented>
	<object>
		<name>abnormal</name>
		<pose>Unspecified</pose>
		<truncated>0</truncated>
		<difficult>0</difficult>
		<occluded>0</occluded>
		<bndbox>
			<xmin>505</xmin>
			<xmax>753</xmax>
			<ymin>356</ymin>
			<ymax>594</ymax>
		</bndbox>
	</object>
</annotation>
