<annotation>
	<folder></folder>
	<filename>normal2_jpg.rf.f28466781eb0acd323ae1f72a0245cc9.jpg</filename>
	<path>normal2_jpg.rf.f28466781eb0acd323ae1f72a0245cc9.jpg</path>
	<source>
		<database>roboflow.com</database>
	</source>
	<size>
		<width>1920</width>
		<height>1080</height>
		<depth>3</depth>
	</size>
	<segmented>0</segmented>
	<object>
		<name>abnormal</name>
		<pose>Unspecified</pose>
		<truncated>0</truncated>
		<difficult>0</difficult>
		<occluded>0</occluded>
		<bndbox>
			<xmin>711</xmin>
			<xmax>932</xmax>
			<ymin>330</ymin>
			<ymax>555</ymax>
		</bndbox>
	</object>
</annotation>
