<annotation>
	<folder></folder>
	<filename>normal11_jpg.rf.7f8ef99fe5e32e3224aba063f26999af.jpg</filename>
	<path>normal11_jpg.rf.7f8ef99fe5e32e3224aba063f26999af.jpg</path>
	<source>
		<database>roboflow.com</database>
	</source>
	<size>
		<width>1920</width>
		<height>1080</height>
		<depth>3</depth>
	</size>
	<segmented>0</segmented>
	<object>
		<name>abnormal</name>
		<pose>Unspecified</pose>
		<truncated>0</truncated>
		<difficult>0</difficult>
		<occluded>0</occluded>
		<bndbox>
			<xmin>963</xmin>
			<xmax>1196</xmax>
			<ymin>457</ymin>
			<ymax>688</ymax>
		</bndbox>
	</object>
</annotation>
