<annotation>
	<folder></folder>
	<filename>normal44_jpg.rf.513c01a9af68562366adc702a53321a8.jpg</filename>
	<path>normal44_jpg.rf.513c01a9af68562366adc702a53321a8.jpg</path>
	<source>
		<database>roboflow.com</database>
	</source>
	<size>
		<width>1920</width>
		<height>1080</height>
		<depth>3</depth>
	</size>
	<segmented>0</segmented>
	<object>
		<name>normal</name>
		<pose>Unspecified</pose>
		<truncated>0</truncated>
		<difficult>0</difficult>
		<occluded>0</occluded>
		<bndbox>
			<xmin>957</xmin>
			<xmax>1194</xmax>
			<ymin>263</ymin>
			<ymax>501</ymax>
		</bndbox>
	</object>
</annotation>
