<annotation>
	<folder></folder>
	<filename>normal28_jpg.rf.f552ca85a2beae27817139362ca3a3a4.jpg</filename>
	<path>normal28_jpg.rf.f552ca85a2beae27817139362ca3a3a4.jpg</path>
	<source>
		<database>roboflow.com</database>
	</source>
	<size>
		<width>1920</width>
		<height>1080</height>
		<depth>3</depth>
	</size>
	<segmented>0</segmented>
	<object>
		<name>abnormal</name>
		<pose>Unspecified</pose>
		<truncated>0</truncated>
		<difficult>0</difficult>
		<occluded>0</occluded>
		<bndbox>
			<xmin>826</xmin>
			<xmax>1057</xmax>
			<ymin>330</ymin>
			<ymax>560</ymax>
		</bndbox>
	</object>
</annotation>
