<annotation>
	<folder></folder>
	<filename>normal17_jpg.rf.2e1e24201705f0c6686e9882be7e58f7.jpg</filename>
	<path>normal17_jpg.rf.2e1e24201705f0c6686e9882be7e58f7.jpg</path>
	<source>
		<database>roboflow.com</database>
	</source>
	<size>
		<width>1920</width>
		<height>1080</height>
		<depth>3</depth>
	</size>
	<segmented>0</segmented>
	<object>
		<name>abnormal</name>
		<pose>Unspecified</pose>
		<truncated>0</truncated>
		<difficult>0</difficult>
		<occluded>0</occluded>
		<bndbox>
			<xmin>685</xmin>
			<xmax>940</xmax>
			<ymin>240</ymin>
			<ymax>509</ymax>
		</bndbox>
	</object>
</annotation>
