<annotation>
	<folder></folder>
	<filename>normal26_jpg.rf.5347eadb366c2972106d24309793bf54.jpg</filename>
	<path>normal26_jpg.rf.5347eadb366c2972106d24309793bf54.jpg</path>
	<source>
		<database>roboflow.com</database>
	</source>
	<size>
		<width>1920</width>
		<height>1080</height>
		<depth>3</depth>
	</size>
	<segmented>0</segmented>
	<object>
		<name>abnormal</name>
		<pose>Unspecified</pose>
		<truncated>0</truncated>
		<difficult>0</difficult>
		<occluded>0</occluded>
		<bndbox>
			<xmin>688</xmin>
			<xmax>946</xmax>
			<ymin>337</ymin>
			<ymax>601</ymax>
		</bndbox>
	</object>
</annotation>
