<annotation>
	<folder></folder>
	<filename>normal17_jpg.rf.b9ee361cb84e38919aa3437992c45335.jpg</filename>
	<path>normal17_jpg.rf.b9ee361cb84e38919aa3437992c45335.jpg</path>
	<source>
		<database>roboflow.com</database>
	</source>
	<size>
		<width>1920</width>
		<height>1080</height>
		<depth>3</depth>
	</size>
	<segmented>0</segmented>
	<object>
		<name>abnormal</name>
		<pose>Unspecified</pose>
		<truncated>0</truncated>
		<difficult>0</difficult>
		<occluded>0</occluded>
		<bndbox>
			<xmin>684</xmin>
			<xmax>935</xmax>
			<ymin>244</ymin>
			<ymax>509</ymax>
		</bndbox>
	</object>
</annotation>
