<annotation>
	<folder></folder>
	<filename>normal31_jpg.rf.bfd7377095a1a925cc1b65e5fdf80f41.jpg</filename>
	<path>normal31_jpg.rf.bfd7377095a1a925cc1b65e5fdf80f41.jpg</path>
	<source>
		<database>roboflow.com</database>
	</source>
	<size>
		<width>1920</width>
		<height>1080</height>
		<depth>3</depth>
	</size>
	<segmented>0</segmented>
	<object>
		<name>abnormal</name>
		<pose>Unspecified</pose>
		<truncated>0</truncated>
		<difficult>0</difficult>
		<occluded>0</occluded>
		<bndbox>
			<xmin>778</xmin>
			<xmax>1009</xmax>
			<ymin>597</ymin>
			<ymax>824</ymax>
		</bndbox>
	</object>
</annotation>
