<annotation>
	<folder></folder>
	<filename>normal29_jpg.rf.93ea768c781bf7862bb4781bd83fb1c4.jpg</filename>
	<path>normal29_jpg.rf.93ea768c781bf7862bb4781bd83fb1c4.jpg</path>
	<source>
		<database>roboflow.com</database>
	</source>
	<size>
		<width>1920</width>
		<height>1080</height>
		<depth>3</depth>
	</size>
	<segmented>0</segmented>
	<object>
		<name>normal</name>
		<pose>Unspecified</pose>
		<truncated>0</truncated>
		<difficult>0</difficult>
		<occluded>0</occluded>
		<bndbox>
			<xmin>963</xmin>
			<xmax>1188</xmax>
			<ymin>378</ymin>
			<ymax>593</ymax>
		</bndbox>
	</object>
</annotation>
