<annotation>
	<folder></folder>
	<filename>normal6_jpg.rf.572b4e4daf8eb0f81ec0fc69c47bdf4b.jpg</filename>
	<path>normal6_jpg.rf.572b4e4daf8eb0f81ec0fc69c47bdf4b.jpg</path>
	<source>
		<database>roboflow.com</database>
	</source>
	<size>
		<width>1920</width>
		<height>1080</height>
		<depth>3</depth>
	</size>
	<segmented>0</segmented>
	<object>
		<name>abnormal</name>
		<pose>Unspecified</pose>
		<truncated>0</truncated>
		<difficult>0</difficult>
		<occluded>0</occluded>
		<bndbox>
			<xmin>679</xmin>
			<xmax>954</xmax>
			<ymin>286</ymin>
			<ymax>577</ymax>
		</bndbox>
	</object>
</annotation>
