<annotation>
	<folder></folder>
	<filename>normal29_jpg.rf.6e909ef3585410441f8d25251d58ee47.jpg</filename>
	<path>normal29_jpg.rf.6e909ef3585410441f8d25251d58ee47.jpg</path>
	<source>
		<database>roboflow.com</database>
	</source>
	<size>
		<width>1920</width>
		<height>1080</height>
		<depth>3</depth>
	</size>
	<segmented>0</segmented>
	<object>
		<name>normal</name>
		<pose>Unspecified</pose>
		<truncated>0</truncated>
		<difficult>0</difficult>
		<occluded>0</occluded>
		<bndbox>
			<xmin>955</xmin>
			<xmax>1209</xmax>
			<ymin>380</ymin>
			<ymax>624</ymax>
		</bndbox>
	</object>
</annotation>
