<annotation>
	<folder></folder>
	<filename>normal28_jpg.rf.490468b5c2a03395f33e1fdb95afaba4.jpg</filename>
	<path>normal28_jpg.rf.490468b5c2a03395f33e1fdb95afaba4.jpg</path>
	<source>
		<database>roboflow.com</database>
	</source>
	<size>
		<width>1920</width>
		<height>1080</height>
		<depth>3</depth>
	</size>
	<segmented>0</segmented>
	<object>
		<name>normal</name>
		<pose>Unspecified</pose>
		<truncated>0</truncated>
		<difficult>0</difficult>
		<occluded>0</occluded>
		<bndbox>
			<xmin>461</xmin>
			<xmax>709</xmax>
			<ymin>172</ymin>
			<ymax>418</ymax>
		</bndbox>
	</object>
</annotation>
