<annotation>
	<folder></folder>
	<filename>normal10_jpg.rf.d81c624ada098276c39313c75a30cc7f.jpg</filename>
	<path>normal10_jpg.rf.d81c624ada098276c39313c75a30cc7f.jpg</path>
	<source>
		<database>roboflow.com</database>
	</source>
	<size>
		<width>1920</width>
		<height>1080</height>
		<depth>3</depth>
	</size>
	<segmented>0</segmented>
	<object>
		<name>abnormal</name>
		<pose>Unspecified</pose>
		<truncated>0</truncated>
		<difficult>0</difficult>
		<occluded>0</occluded>
		<bndbox>
			<xmin>636</xmin>
			<xmax>932</xmax>
			<ymin>297</ymin>
			<ymax>608</ymax>
		</bndbox>
	</object>
</annotation>
