<annotation>
	<folder></folder>
	<filename>normal33_jpg.rf.00e94e67b61d7a2ed672af076b428110.jpg</filename>
	<path>normal33_jpg.rf.00e94e67b61d7a2ed672af076b428110.jpg</path>
	<source>
		<database>roboflow.com</database>
	</source>
	<size>
		<width>1920</width>
		<height>1080</height>
		<depth>3</depth>
	</size>
	<segmented>0</segmented>
	<object>
		<name>normal</name>
		<pose>Unspecified</pose>
		<truncated>0</truncated>
		<difficult>0</difficult>
		<occluded>0</occluded>
		<bndbox>
			<xmin>814</xmin>
			<xmax>1054</xmax>
			<ymin>294</ymin>
			<ymax>542</ymax>
		</bndbox>
	</object>
</annotation>
