<annotation>
	<folder></folder>
	<filename>normal26_jpg.rf.496c30589c6e054279db4eaaf9325103.jpg</filename>
	<path>normal26_jpg.rf.496c30589c6e054279db4eaaf9325103.jpg</path>
	<source>
		<database>roboflow.com</database>
	</source>
	<size>
		<width>1920</width>
		<height>1080</height>
		<depth>3</depth>
	</size>
	<segmented>0</segmented>
	<object>
		<name>normal</name>
		<pose>Unspecified</pose>
		<truncated>0</truncated>
		<difficult>0</difficult>
		<occluded>0</occluded>
		<bndbox>
			<xmin>1010</xmin>
			<xmax>1253</xmax>
			<ymin>340</ymin>
			<ymax>578</ymax>
		</bndbox>
	</object>
</annotation>
