<annotation>
	<folder></folder>
	<filename>normal8_jpg.rf.25ec8bcf66556d8e3891523c335ea78f.jpg</filename>
	<path>normal8_jpg.rf.25ec8bcf66556d8e3891523c335ea78f.jpg</path>
	<source>
		<database>roboflow.com</database>
	</source>
	<size>
		<width>1920</width>
		<height>1080</height>
		<depth>3</depth>
	</size>
	<segmented>0</segmented>
	<object>
		<name>abnormal</name>
		<pose>Unspecified</pose>
		<truncated>0</truncated>
		<difficult>0</difficult>
		<occluded>0</occluded>
		<bndbox>
			<xmin>723</xmin>
			<xmax>941</xmax>
			<ymin>350</ymin>
			<ymax>565</ymax>
		</bndbox>
	</object>
</annotation>
