<annotation>
	<folder></folder>
	<filename>normal26_jpg.rf.ab3fd839d78cf5a37554fa2dd435faa9.jpg</filename>
	<path>normal26_jpg.rf.ab3fd839d78cf5a37554fa2dd435faa9.jpg</path>
	<source>
		<database>roboflow.com</database>
	</source>
	<size>
		<width>1920</width>
		<height>1080</height>
		<depth>3</depth>
	</size>
	<segmented>0</segmented>
	<object>
		<name>abnormal</name>
		<pose>Unspecified</pose>
		<truncated>0</truncated>
		<difficult>0</difficult>
		<occluded>0</occluded>
		<bndbox>
			<xmin>711</xmin>
			<xmax>943</xmax>
			<ymin>332</ymin>
			<ymax>571</ymax>
		</bndbox>
	</object>
</annotation>
