<annotation>
	<folder></folder>
	<filename>normal32_jpg.rf.e42b5ae77c8d88bbe23db514f1340708.jpg</filename>
	<path>normal32_jpg.rf.e42b5ae77c8d88bbe23db514f1340708.jpg</path>
	<source>
		<database>roboflow.com</database>
	</source>
	<size>
		<width>1920</width>
		<height>1080</height>
		<depth>3</depth>
	</size>
	<segmented>0</segmented>
	<object>
		<name>abnormal</name>
		<pose>Unspecified</pose>
		<truncated>0</truncated>
		<difficult>0</difficult>
		<occluded>0</occluded>
		<bndbox>
			<xmin>708</xmin>
			<xmax>936</xmax>
			<ymin>314</ymin>
			<ymax>532</ymax>
		</bndbox>
	</object>
</annotation>
