<annotation>
	<folder></folder>
	<filename>normal21_jpg.rf.868132de5b03ab6498a55d9a1b73aaef.jpg</filename>
	<path>normal21_jpg.rf.868132de5b03ab6498a55d9a1b73aaef.jpg</path>
	<source>
		<database>roboflow.com</database>
	</source>
	<size>
		<width>1920</width>
		<height>1080</height>
		<depth>3</depth>
	</size>
	<segmented>0</segmented>
	<object>
		<name>abnormal</name>
		<pose>Unspecified</pose>
		<truncated>0</truncated>
		<difficult>0</difficult>
		<occluded>0</occluded>
		<bndbox>
			<xmin>723</xmin>
			<xmax>973</xmax>
			<ymin>272</ymin>
			<ymax>510</ymax>
		</bndbox>
	</object>
</annotation>
