<annotation>
	<folder></folder>
	<filename>normal10_jpg.rf.b0aa097a2965a3ae26b36f507103f810.jpg</filename>
	<path>normal10_jpg.rf.b0aa097a2965a3ae26b36f507103f810.jpg</path>
	<source>
		<database>roboflow.com</database>
	</source>
	<size>
		<width>1920</width>
		<height>1080</height>
		<depth>3</depth>
	</size>
	<segmented>0</segmented>
	<object>
		<name>normal</name>
		<pose>Unspecified</pose>
		<truncated>0</truncated>
		<difficult>0</difficult>
		<occluded>0</occluded>
		<bndbox>
			<xmin>798</xmin>
			<xmax>1006</xmax>
			<ymin>448</ymin>
			<ymax>669</ymax>
		</bndbox>
	</object>
</annotation>
