<annotation>
	<folder></folder>
	<filename>normal25_jpg.rf.e114dfc568e9acd056e6d2002151e6af.jpg</filename>
	<path>normal25_jpg.rf.e114dfc568e9acd056e6d2002151e6af.jpg</path>
	<source>
		<database>roboflow.com</database>
	</source>
	<size>
		<width>1920</width>
		<height>1080</height>
		<depth>3</depth>
	</size>
	<segmented>0</segmented>
	<object>
		<name>abnormal</name>
		<pose>Unspecified</pose>
		<truncated>0</truncated>
		<difficult>0</difficult>
		<occluded>0</occluded>
		<bndbox>
			<xmin>882</xmin>
			<xmax>1108</xmax>
			<ymin>318</ymin>
			<ymax>542</ymax>
		</bndbox>
	</object>
</annotation>
