<annotation>
	<folder></folder>
	<filename>normal29_jpg.rf.29da223d7a8785bcc274d7c5128f2fae.jpg</filename>
	<path>normal29_jpg.rf.29da223d7a8785bcc274d7c5128f2fae.jpg</path>
	<source>
		<database>roboflow.com</database>
	</source>
	<size>
		<width>1920</width>
		<height>1080</height>
		<depth>3</depth>
	</size>
	<segmented>0</segmented>
	<object>
		<name>abnormal</name>
		<pose>Unspecified</pose>
		<truncated>0</truncated>
		<difficult>0</difficult>
		<occluded>0</occluded>
		<bndbox>
			<xmin>795</xmin>
			<xmax>1027</xmax>
			<ymin>309</ymin>
			<ymax>533</ymax>
		</bndbox>
	</object>
</annotation>
