<annotation>
	<folder></folder>
	<filename>normal2_jpg.rf.f317254766c74449371224d3e1a26246.jpg</filename>
	<path>normal2_jpg.rf.f317254766c74449371224d3e1a26246.jpg</path>
	<source>
		<database>roboflow.com</database>
	</source>
	<size>
		<width>1920</width>
		<height>1080</height>
		<depth>3</depth>
	</size>
	<segmented>0</segmented>
	<object>
		<name>abnormal</name>
		<pose>Unspecified</pose>
		<truncated>0</truncated>
		<difficult>0</difficult>
		<occluded>0</occluded>
		<bndbox>
			<xmin>701</xmin>
			<xmax>933</xmax>
			<ymin>332</ymin>
			<ymax>568</ymax>
		</bndbox>
	</object>
</annotation>
