<annotation>
	<folder></folder>
	<filename>normal45_jpg.rf.93f16b6e473a135d9198df2055df3dd7.jpg</filename>
	<path>normal45_jpg.rf.93f16b6e473a135d9198df2055df3dd7.jpg</path>
	<source>
		<database>roboflow.com</database>
	</source>
	<size>
		<width>1920</width>
		<height>1080</height>
		<depth>3</depth>
	</size>
	<segmented>0</segmented>
	<object>
		<name>normal</name>
		<pose>Unspecified</pose>
		<truncated>0</truncated>
		<difficult>0</difficult>
		<occluded>0</occluded>
		<bndbox>
			<xmin>846</xmin>
			<xmax>1081</xmax>
			<ymin>230</ymin>
			<ymax>476</ymax>
		</bndbox>
	</object>
</annotation>
