<annotation>
	<folder></folder>
	<filename>normal5_jpg.rf.0a22bd6fe68b934bd4a2771568f6f27b.jpg</filename>
	<path>normal5_jpg.rf.0a22bd6fe68b934bd4a2771568f6f27b.jpg</path>
	<source>
		<database>roboflow.com</database>
	</source>
	<size>
		<width>1920</width>
		<height>1080</height>
		<depth>3</depth>
	</size>
	<segmented>0</segmented>
	<object>
		<name>abnormal</name>
		<pose>Unspecified</pose>
		<truncated>0</truncated>
		<difficult>0</difficult>
		<occluded>0</occluded>
		<bndbox>
			<xmin>506</xmin>
			<xmax>762</xmax>
			<ymin>329</ymin>
			<ymax>575</ymax>
		</bndbox>
	</object>
</annotation>
