<annotation>
	<folder></folder>
	<filename>normal37_jpg.rf.dbbabb7109fe7437e2bfb9a297cc2e0d.jpg</filename>
	<path>normal37_jpg.rf.dbbabb7109fe7437e2bfb9a297cc2e0d.jpg</path>
	<source>
		<database>roboflow.com</database>
	</source>
	<size>
		<width>1920</width>
		<height>1080</height>
		<depth>3</depth>
	</size>
	<segmented>0</segmented>
	<object>
		<name>normal</name>
		<pose>Unspecified</pose>
		<truncated>0</truncated>
		<difficult>0</difficult>
		<occluded>0</occluded>
		<bndbox>
			<xmin>834</xmin>
			<xmax>1086</xmax>
			<ymin>301</ymin>
			<ymax>546</ymax>
		</bndbox>
	</object>
</annotation>
