<annotation>
	<folder></folder>
	<filename>normal45_jpg.rf.2f7cdf3f5ef4ef3acc1d9fa9ab02536b.jpg</filename>
	<path>normal45_jpg.rf.2f7cdf3f5ef4ef3acc1d9fa9ab02536b.jpg</path>
	<source>
		<database>roboflow.com</database>
	</source>
	<size>
		<width>1920</width>
		<height>1080</height>
		<depth>3</depth>
	</size>
	<segmented>0</segmented>
	<object>
		<name>normal</name>
		<pose>Unspecified</pose>
		<truncated>0</truncated>
		<difficult>0</difficult>
		<occluded>0</occluded>
		<bndbox>
			<xmin>844</xmin>
			<xmax>1071</xmax>
			<ymin>234</ymin>
			<ymax>472</ymax>
		</bndbox>
	</object>
</annotation>
