<annotation>
	<folder></folder>
	<filename>normal1_jpg.rf.75990994baf01f3d005fe84b7d67dda7.jpg</filename>
	<path>normal1_jpg.rf.75990994baf01f3d005fe84b7d67dda7.jpg</path>
	<source>
		<database>roboflow.com</database>
	</source>
	<size>
		<width>1920</width>
		<height>1080</height>
		<depth>3</depth>
	</size>
	<segmented>0</segmented>
	<object>
		<name>normal</name>
		<pose>Unspecified</pose>
		<truncated>0</truncated>
		<difficult>0</difficult>
		<occluded>0</occluded>
		<bndbox>
			<xmin>916</xmin>
			<xmax>1124</xmax>
			<ymin>335</ymin>
			<ymax>553</ymax>
		</bndbox>
	</object>
</annotation>
