<annotation>
	<folder></folder>
	<filename>normal23_jpg.rf.872bf788bd205040c99d3afdc8af2608.jpg</filename>
	<path>normal23_jpg.rf.872bf788bd205040c99d3afdc8af2608.jpg</path>
	<source>
		<database>roboflow.com</database>
	</source>
	<size>
		<width>1920</width>
		<height>1080</height>
		<depth>3</depth>
	</size>
	<segmented>0</segmented>
	<object>
		<name>abnormal</name>
		<pose>Unspecified</pose>
		<truncated>0</truncated>
		<difficult>0</difficult>
		<occluded>0</occluded>
		<bndbox>
			<xmin>781</xmin>
			<xmax>1097</xmax>
			<ymin>253</ymin>
			<ymax>560</ymax>
		</bndbox>
	</object>
</annotation>
