<annotation>
	<folder></folder>
	<filename>normal10_jpg.rf.61a9cb043e4fdf25b0b116a4016a9925.jpg</filename>
	<path>normal10_jpg.rf.61a9cb043e4fdf25b0b116a4016a9925.jpg</path>
	<source>
		<database>roboflow.com</database>
	</source>
	<size>
		<width>1920</width>
		<height>1080</height>
		<depth>3</depth>
	</size>
	<segmented>0</segmented>
	<object>
		<name>normal</name>
		<pose>Unspecified</pose>
		<truncated>0</truncated>
		<difficult>0</difficult>
		<occluded>0</occluded>
		<bndbox>
			<xmin>799</xmin>
			<xmax>1004</xmax>
			<ymin>449</ymin>
			<ymax>667</ymax>
		</bndbox>
	</object>
</annotation>
