<annotation>
	<folder></folder>
	<filename>normal18_jpg.rf.cf65c339465432fb29f2a21275819640.jpg</filename>
	<path>normal18_jpg.rf.cf65c339465432fb29f2a21275819640.jpg</path>
	<source>
		<database>roboflow.com</database>
	</source>
	<size>
		<width>1920</width>
		<height>1080</height>
		<depth>3</depth>
	</size>
	<segmented>0</segmented>
	<object>
		<name>abnormal</name>
		<pose>Unspecified</pose>
		<truncated>0</truncated>
		<difficult>0</difficult>
		<occluded>0</occluded>
		<bndbox>
			<xmin>899</xmin>
			<xmax>1139</xmax>
			<ymin>211</ymin>
			<ymax>467</ymax>
		</bndbox>
	</object>
</annotation>
