<annotation>
	<folder></folder>
	<filename>normal15_jpg.rf.6eac397c55a4a004280bbb3effa2b899.jpg</filename>
	<path>normal15_jpg.rf.6eac397c55a4a004280bbb3effa2b899.jpg</path>
	<source>
		<database>roboflow.com</database>
	</source>
	<size>
		<width>1920</width>
		<height>1080</height>
		<depth>3</depth>
	</size>
	<segmented>0</segmented>
	<object>
		<name>abnormal</name>
		<pose>Unspecified</pose>
		<truncated>0</truncated>
		<difficult>0</difficult>
		<occluded>0</occluded>
		<bndbox>
			<xmin>727</xmin>
			<xmax>1022</xmax>
			<ymin>259</ymin>
			<ymax>489</ymax>
		</bndbox>
	</object>
</annotation>
