<annotation>
	<folder></folder>
	<filename>normal25_jpg.rf.e455049284804fb6792feab678cad583.jpg</filename>
	<path>normal25_jpg.rf.e455049284804fb6792feab678cad583.jpg</path>
	<source>
		<database>roboflow.com</database>
	</source>
	<size>
		<width>1920</width>
		<height>1080</height>
		<depth>3</depth>
	</size>
	<segmented>0</segmented>
	<object>
		<name>normal</name>
		<pose>Unspecified</pose>
		<truncated>0</truncated>
		<difficult>0</difficult>
		<occluded>0</occluded>
		<bndbox>
			<xmin>877</xmin>
			<xmax>1105</xmax>
			<ymin>264</ymin>
			<ymax>505</ymax>
		</bndbox>
	</object>
</annotation>
