<annotation>
	<folder></folder>
	<filename>normal21_jpg.rf.9851e4c9ec17dac6413a6d94878f16a1.jpg</filename>
	<path>normal21_jpg.rf.9851e4c9ec17dac6413a6d94878f16a1.jpg</path>
	<source>
		<database>roboflow.com</database>
	</source>
	<size>
		<width>1920</width>
		<height>1080</height>
		<depth>3</depth>
	</size>
	<segmented>0</segmented>
	<object>
		<name>normal</name>
		<pose>Unspecified</pose>
		<truncated>0</truncated>
		<difficult>0</difficult>
		<occluded>0</occluded>
		<bndbox>
			<xmin>994</xmin>
			<xmax>1237</xmax>
			<ymin>314</ymin>
			<ymax>560</ymax>
		</bndbox>
	</object>
</annotation>
