<annotation>
	<folder></folder>
	<filename>normal23_jpg.rf.d89c1b9596af4c62d0663a267800cb34.jpg</filename>
	<path>normal23_jpg.rf.d89c1b9596af4c62d0663a267800cb34.jpg</path>
	<source>
		<database>roboflow.com</database>
	</source>
	<size>
		<width>1920</width>
		<height>1080</height>
		<depth>3</depth>
	</size>
	<segmented>0</segmented>
	<object>
		<name>normal</name>
		<pose>Unspecified</pose>
		<truncated>0</truncated>
		<difficult>0</difficult>
		<occluded>0</occluded>
		<bndbox>
			<xmin>1045</xmin>
			<xmax>1291</xmax>
			<ymin>410</ymin>
			<ymax>636</ymax>
		</bndbox>
	</object>
</annotation>
