<annotation>
	<folder></folder>
	<filename>normal7_jpg.rf.80903054074b78b9449c9ffe1689d739.jpg</filename>
	<path>normal7_jpg.rf.80903054074b78b9449c9ffe1689d739.jpg</path>
	<source>
		<database>roboflow.com</database>
	</source>
	<size>
		<width>1920</width>
		<height>1080</height>
		<depth>3</depth>
	</size>
	<segmented>0</segmented>
	<object>
		<name>abnormal</name>
		<pose>Unspecified</pose>
		<truncated>0</truncated>
		<difficult>0</difficult>
		<occluded>0</occluded>
		<bndbox>
			<xmin>1044</xmin>
			<xmax>1268</xmax>
			<ymin>550</ymin>
			<ymax>771</ymax>
		</bndbox>
	</object>
</annotation>
