<annotation>
	<folder></folder>
	<filename>normal10_jpg.rf.f98c1d613be7b3fedb7d2f696d50ee89.jpg</filename>
	<path>normal10_jpg.rf.f98c1d613be7b3fedb7d2f696d50ee89.jpg</path>
	<source>
		<database>roboflow.com</database>
	</source>
	<size>
		<width>1920</width>
		<height>1080</height>
		<depth>3</depth>
	</size>
	<segmented>0</segmented>
	<object>
		<name>abnormal</name>
		<pose>Unspecified</pose>
		<truncated>0</truncated>
		<difficult>0</difficult>
		<occluded>0</occluded>
		<bndbox>
			<xmin>627</xmin>
			<xmax>918</xmax>
			<ymin>328</ymin>
			<ymax>635</ymax>
		</bndbox>
	</object>
</annotation>
