<annotation>
	<folder></folder>
	<filename>normal26_jpg.rf.3f461c42ee728a963848ef7e768f2b70.jpg</filename>
	<path>normal26_jpg.rf.3f461c42ee728a963848ef7e768f2b70.jpg</path>
	<source>
		<database>roboflow.com</database>
	</source>
	<size>
		<width>1920</width>
		<height>1080</height>
		<depth>3</depth>
	</size>
	<segmented>0</segmented>
	<object>
		<name>abnormal</name>
		<pose>Unspecified</pose>
		<truncated>0</truncated>
		<difficult>0</difficult>
		<occluded>0</occluded>
		<bndbox>
			<xmin>980</xmin>
			<xmax>1204</xmax>
			<ymin>519</ymin>
			<ymax>751</ymax>
		</bndbox>
	</object>
</annotation>
