<annotation>
	<folder></folder>
	<filename>normal5_jpg.rf.f51918a93877aeafc8f7941a60f56199.jpg</filename>
	<path>normal5_jpg.rf.f51918a93877aeafc8f7941a60f56199.jpg</path>
	<source>
		<database>roboflow.com</database>
	</source>
	<size>
		<width>1920</width>
		<height>1080</height>
		<depth>3</depth>
	</size>
	<segmented>0</segmented>
	<object>
		<name>normal</name>
		<pose>Unspecified</pose>
		<truncated>0</truncated>
		<difficult>0</difficult>
		<occluded>0</occluded>
		<bndbox>
			<xmin>849</xmin>
			<xmax>1066</xmax>
			<ymin>559</ymin>
			<ymax>771</ymax>
		</bndbox>
	</object>
</annotation>
