<annotation>
	<folder></folder>
	<filename>normal17_jpg.rf.3d21ae5555d666af04fcfcf6d16badef.jpg</filename>
	<path>normal17_jpg.rf.3d21ae5555d666af04fcfcf6d16badef.jpg</path>
	<source>
		<database>roboflow.com</database>
	</source>
	<size>
		<width>1920</width>
		<height>1080</height>
		<depth>3</depth>
	</size>
	<segmented>0</segmented>
	<object>
		<name>normal</name>
		<pose>Unspecified</pose>
		<truncated>0</truncated>
		<difficult>0</difficult>
		<occluded>0</occluded>
		<bndbox>
			<xmin>882</xmin>
			<xmax>1105</xmax>
			<ymin>342</ymin>
			<ymax>570</ymax>
		</bndbox>
	</object>
</annotation>
