<annotation>
	<folder></folder>
	<filename>normal3_jpg.rf.a957f6d7b5a950d7672f75284120bfae.jpg</filename>
	<path>normal3_jpg.rf.a957f6d7b5a950d7672f75284120bfae.jpg</path>
	<source>
		<database>roboflow.com</database>
	</source>
	<size>
		<width>1920</width>
		<height>1080</height>
		<depth>3</depth>
	</size>
	<segmented>0</segmented>
	<object>
		<name>abnormal</name>
		<pose>Unspecified</pose>
		<truncated>0</truncated>
		<difficult>0</difficult>
		<occluded>0</occluded>
		<bndbox>
			<xmin>849</xmin>
			<xmax>1111</xmax>
			<ymin>126</ymin>
			<ymax>357</ymax>
		</bndbox>
	</object>
</annotation>
