<annotation>
	<folder></folder>
	<filename>normal26_jpg.rf.04ff7dea01d3916df4d8fd1e154c8c01.jpg</filename>
	<path>normal26_jpg.rf.04ff7dea01d3916df4d8fd1e154c8c01.jpg</path>
	<source>
		<database>roboflow.com</database>
	</source>
	<size>
		<width>1920</width>
		<height>1080</height>
		<depth>3</depth>
	</size>
	<segmented>0</segmented>
	<object>
		<name>normal</name>
		<pose>Unspecified</pose>
		<truncated>0</truncated>
		<difficult>0</difficult>
		<occluded>0</occluded>
		<bndbox>
			<xmin>1011</xmin>
			<xmax>1236</xmax>
			<ymin>335</ymin>
			<ymax>554</ymax>
		</bndbox>
	</object>
</annotation>
