<annotation>
	<folder></folder>
	<filename>normal34_jpg.rf.a81b358b7543c1b07d4b18061087b092.jpg</filename>
	<path>normal34_jpg.rf.a81b358b7543c1b07d4b18061087b092.jpg</path>
	<source>
		<database>roboflow.com</database>
	</source>
	<size>
		<width>1920</width>
		<height>1080</height>
		<depth>3</depth>
	</size>
	<segmented>0</segmented>
	<object>
		<name>abnormal</name>
		<pose>Unspecified</pose>
		<truncated>0</truncated>
		<difficult>0</difficult>
		<occluded>0</occluded>
		<bndbox>
			<xmin>908</xmin>
			<xmax>1139</xmax>
			<ymin>231</ymin>
			<ymax>466</ymax>
		</bndbox>
	</object>
</annotation>
