<annotation>
	<folder></folder>
	<filename>normal11_jpg.rf.3cf13366ab8e6fb97c2d5fd0ef9170a8.jpg</filename>
	<path>normal11_jpg.rf.3cf13366ab8e6fb97c2d5fd0ef9170a8.jpg</path>
	<source>
		<database>roboflow.com</database>
	</source>
	<size>
		<width>1920</width>
		<height>1080</height>
		<depth>3</depth>
	</size>
	<segmented>0</segmented>
	<object>
		<name>abnormal</name>
		<pose>Unspecified</pose>
		<truncated>0</truncated>
		<difficult>0</difficult>
		<occluded>0</occluded>
		<bndbox>
			<xmin>704</xmin>
			<xmax>974</xmax>
			<ymin>397</ymin>
			<ymax>665</ymax>
		</bndbox>
	</object>
</annotation>
