<annotation>
	<folder></folder>
	<filename>normal5_jpg.rf.243789b7ee82f73a852afb78ffed0b33.jpg</filename>
	<path>normal5_jpg.rf.243789b7ee82f73a852afb78ffed0b33.jpg</path>
	<source>
		<database>roboflow.com</database>
	</source>
	<size>
		<width>1920</width>
		<height>1080</height>
		<depth>3</depth>
	</size>
	<segmented>0</segmented>
	<object>
		<name>abnormal</name>
		<pose>Unspecified</pose>
		<truncated>0</truncated>
		<difficult>0</difficult>
		<occluded>0</occluded>
		<bndbox>
			<xmin>502</xmin>
			<xmax>754</xmax>
			<ymin>360</ymin>
			<ymax>602</ymax>
		</bndbox>
	</object>
</annotation>
