<annotation>
	<folder></folder>
	<filename>normal1_jpg.rf.cb48167f97fa579b9e7f21109bebecf7.jpg</filename>
	<path>normal1_jpg.rf.cb48167f97fa579b9e7f21109bebecf7.jpg</path>
	<source>
		<database>roboflow.com</database>
	</source>
	<size>
		<width>1920</width>
		<height>1080</height>
		<depth>3</depth>
	</size>
	<segmented>0</segmented>
	<object>
		<name>normal</name>
		<pose>Unspecified</pose>
		<truncated>0</truncated>
		<difficult>0</difficult>
		<occluded>0</occluded>
		<bndbox>
			<xmin>916</xmin>
			<xmax>1120</xmax>
			<ymin>532</ymin>
			<ymax>746</ymax>
		</bndbox>
	</object>
</annotation>
