<annotation>
	<folder></folder>
	<filename>normal20_jpg.rf.c4f1cf763dc54154200a3f0345d38a42.jpg</filename>
	<path>normal20_jpg.rf.c4f1cf763dc54154200a3f0345d38a42.jpg</path>
	<source>
		<database>roboflow.com</database>
	</source>
	<size>
		<width>1920</width>
		<height>1080</height>
		<depth>3</depth>
	</size>
	<segmented>0</segmented>
	<object>
		<name>normal</name>
		<pose>Unspecified</pose>
		<truncated>0</truncated>
		<difficult>0</difficult>
		<occluded>0</occluded>
		<bndbox>
			<xmin>792</xmin>
			<xmax>1030</xmax>
			<ymin>329</ymin>
			<ymax>574</ymax>
		</bndbox>
	</object>
</annotation>
