<annotation>
	<folder></folder>
	<filename>normal18_jpg.rf.c9dd62ae21320e9a0378c83c35abb59c.jpg</filename>
	<path>normal18_jpg.rf.c9dd62ae21320e9a0378c83c35abb59c.jpg</path>
	<source>
		<database>roboflow.com</database>
	</source>
	<size>
		<width>1920</width>
		<height>1080</height>
		<depth>3</depth>
	</size>
	<segmented>0</segmented>
	<object>
		<name>abnormal</name>
		<pose>Unspecified</pose>
		<truncated>0</truncated>
		<difficult>0</difficult>
		<occluded>0</occluded>
		<bndbox>
			<xmin>893</xmin>
			<xmax>1117</xmax>
			<ymin>627</ymin>
			<ymax>868</ymax>
		</bndbox>
	</object>
</annotation>
