<annotation>
	<folder></folder>
	<filename>normal13_jpg.rf.1d38fd65eaba79e2dc61e3271cc3c801.jpg</filename>
	<path>normal13_jpg.rf.1d38fd65eaba79e2dc61e3271cc3c801.jpg</path>
	<source>
		<database>roboflow.com</database>
	</source>
	<size>
		<width>1920</width>
		<height>1080</height>
		<depth>3</depth>
	</size>
	<segmented>0</segmented>
	<object>
		<name>normal</name>
		<pose>Unspecified</pose>
		<truncated>0</truncated>
		<difficult>0</difficult>
		<occluded>0</occluded>
		<bndbox>
			<xmin>949</xmin>
			<xmax>1221</xmax>
			<ymin>174</ymin>
			<ymax>449</ymax>
		</bndbox>
	</object>
</annotation>
