<annotation>
	<folder></folder>
	<filename>normal22_jpg.rf.2b1a8ed4a129e94112248a770650dc21.jpg</filename>
	<path>normal22_jpg.rf.2b1a8ed4a129e94112248a770650dc21.jpg</path>
	<source>
		<database>roboflow.com</database>
	</source>
	<size>
		<width>1920</width>
		<height>1080</height>
		<depth>3</depth>
	</size>
	<segmented>0</segmented>
	<object>
		<name>abnormal</name>
		<pose>Unspecified</pose>
		<truncated>0</truncated>
		<difficult>0</difficult>
		<occluded>0</occluded>
		<bndbox>
			<xmin>880</xmin>
			<xmax>1118</xmax>
			<ymin>553</ymin>
			<ymax>783</ymax>
		</bndbox>
	</object>
</annotation>
