<annotation>
	<folder></folder>
	<filename>normal35_jpg.rf.dcf15a2cb4294c21bf4edfe66999369e.jpg</filename>
	<path>normal35_jpg.rf.dcf15a2cb4294c21bf4edfe66999369e.jpg</path>
	<source>
		<database>roboflow.com</database>
	</source>
	<size>
		<width>1920</width>
		<height>1080</height>
		<depth>3</depth>
	</size>
	<segmented>0</segmented>
	<object>
		<name>normal</name>
		<pose>Unspecified</pose>
		<truncated>0</truncated>
		<difficult>0</difficult>
		<occluded>0</occluded>
		<bndbox>
			<xmin>1059</xmin>
			<xmax>1296</xmax>
			<ymin>393</ymin>
			<ymax>623</ymax>
		</bndbox>
	</object>
</annotation>
