<annotation>
	<folder></folder>
	<filename>normal33_jpg.rf.bc9ae88f90e5b1fe949d78d5a47c51d9.jpg</filename>
	<path>normal33_jpg.rf.bc9ae88f90e5b1fe949d78d5a47c51d9.jpg</path>
	<source>
		<database>roboflow.com</database>
	</source>
	<size>
		<width>1920</width>
		<height>1080</height>
		<depth>3</depth>
	</size>
	<segmented>0</segmented>
	<object>
		<name>abnormal</name>
		<pose>Unspecified</pose>
		<truncated>0</truncated>
		<difficult>0</difficult>
		<occluded>0</occluded>
		<bndbox>
			<xmin>905</xmin>
			<xmax>1131</xmax>
			<ymin>243</ymin>
			<ymax>479</ymax>
		</bndbox>
	</object>
</annotation>
