<annotation>
	<folder></folder>
	<filename>normal27_jpg.rf.79c9c14251e37f50ff274e44aaa7bb45.jpg</filename>
	<path>normal27_jpg.rf.79c9c14251e37f50ff274e44aaa7bb45.jpg</path>
	<source>
		<database>roboflow.com</database>
	</source>
	<size>
		<width>1920</width>
		<height>1080</height>
		<depth>3</depth>
	</size>
	<segmented>0</segmented>
	<object>
		<name>abnormal</name>
		<pose>Unspecified</pose>
		<truncated>0</truncated>
		<difficult>0</difficult>
		<occluded>0</occluded>
		<bndbox>
			<xmin>738</xmin>
			<xmax>975</xmax>
			<ymin>341</ymin>
			<ymax>577</ymax>
		</bndbox>
	</object>
</annotation>
