<annotation>
	<folder></folder>
	<filename>normal32_jpg.rf.0a4acda7c28b90fd5816070b1676881a.jpg</filename>
	<path>normal32_jpg.rf.0a4acda7c28b90fd5816070b1676881a.jpg</path>
	<source>
		<database>roboflow.com</database>
	</source>
	<size>
		<width>1920</width>
		<height>1080</height>
		<depth>3</depth>
	</size>
	<segmented>0</segmented>
	<object>
		<name>abnormal</name>
		<pose>Unspecified</pose>
		<truncated>0</truncated>
		<difficult>0</difficult>
		<occluded>0</occluded>
		<bndbox>
			<xmin>700</xmin>
			<xmax>932</xmax>
			<ymin>319</ymin>
			<ymax>541</ymax>
		</bndbox>
	</object>
</annotation>
