<annotation>
	<folder></folder>
	<filename>normal18_jpg.rf.1d3d2e042548de01fea8ccade4ae6172.jpg</filename>
	<path>normal18_jpg.rf.1d3d2e042548de01fea8ccade4ae6172.jpg</path>
	<source>
		<database>roboflow.com</database>
	</source>
	<size>
		<width>1920</width>
		<height>1080</height>
		<depth>3</depth>
	</size>
	<segmented>0</segmented>
	<object>
		<name>abnormal</name>
		<pose>Unspecified</pose>
		<truncated>0</truncated>
		<difficult>0</difficult>
		<occluded>0</occluded>
		<bndbox>
			<xmin>887</xmin>
			<xmax>1115</xmax>
			<ymin>212</ymin>
			<ymax>457</ymax>
		</bndbox>
	</object>
</annotation>
