<annotation>
	<folder></folder>
	<filename>normal15_jpg.rf.4c0cc0fbdc7c09e4c1b9c29c502189c2.jpg</filename>
	<path>normal15_jpg.rf.4c0cc0fbdc7c09e4c1b9c29c502189c2.jpg</path>
	<source>
		<database>roboflow.com</database>
	</source>
	<size>
		<width>1920</width>
		<height>1080</height>
		<depth>3</depth>
	</size>
	<segmented>0</segmented>
	<object>
		<name>abnormal</name>
		<pose>Unspecified</pose>
		<truncated>0</truncated>
		<difficult>0</difficult>
		<occluded>0</occluded>
		<bndbox>
			<xmin>735</xmin>
			<xmax>1051</xmax>
			<ymin>236</ymin>
			<ymax>495</ymax>
		</bndbox>
	</object>
</annotation>
