<annotation>
	<folder></folder>
	<filename>normal26_jpg.rf.f0e1e48d501f625d6a8d142fc6d33246.jpg</filename>
	<path>normal26_jpg.rf.f0e1e48d501f625d6a8d142fc6d33246.jpg</path>
	<source>
		<database>roboflow.com</database>
	</source>
	<size>
		<width>1920</width>
		<height>1080</height>
		<depth>3</depth>
	</size>
	<segmented>0</segmented>
	<object>
		<name>abnormal</name>
		<pose>Unspecified</pose>
		<truncated>0</truncated>
		<difficult>0</difficult>
		<occluded>0</occluded>
		<bndbox>
			<xmin>717</xmin>
			<xmax>964</xmax>
			<ymin>307</ymin>
			<ymax>561</ymax>
		</bndbox>
	</object>
</annotation>
