<annotation>
	<folder></folder>
	<filename>normal25_jpg.rf.b75364c0288120d48137a8c7fc4cb9ce.jpg</filename>
	<path>normal25_jpg.rf.b75364c0288120d48137a8c7fc4cb9ce.jpg</path>
	<source>
		<database>roboflow.com</database>
	</source>
	<size>
		<width>1920</width>
		<height>1080</height>
		<depth>3</depth>
	</size>
	<segmented>0</segmented>
	<object>
		<name>abnormal</name>
		<pose>Unspecified</pose>
		<truncated>0</truncated>
		<difficult>0</difficult>
		<occluded>0</occluded>
		<bndbox>
			<xmin>814</xmin>
			<xmax>1040</xmax>
			<ymin>540</ymin>
			<ymax>764</ymax>
		</bndbox>
	</object>
</annotation>
