<annotation>
	<folder></folder>
	<filename>normal6_jpg.rf.ff8e9fd6f3659d41ff310dcbfadf5330.jpg</filename>
	<path>normal6_jpg.rf.ff8e9fd6f3659d41ff310dcbfadf5330.jpg</path>
	<source>
		<database>roboflow.com</database>
	</source>
	<size>
		<width>1920</width>
		<height>1080</height>
		<depth>3</depth>
	</size>
	<segmented>0</segmented>
	<object>
		<name>normal</name>
		<pose>Unspecified</pose>
		<truncated>0</truncated>
		<difficult>0</difficult>
		<occluded>0</occluded>
		<bndbox>
			<xmin>825</xmin>
			<xmax>1053</xmax>
			<ymin>277</ymin>
			<ymax>497</ymax>
		</bndbox>
	</object>
</annotation>
