<annotation>
	<folder></folder>
	<filename>normal25_jpg.rf.9e546108afbddb5fa666343cf4cb8f2b.jpg</filename>
	<path>normal25_jpg.rf.9e546108afbddb5fa666343cf4cb8f2b.jpg</path>
	<source>
		<database>roboflow.com</database>
	</source>
	<size>
		<width>1920</width>
		<height>1080</height>
		<depth>3</depth>
	</size>
	<segmented>0</segmented>
	<object>
		<name>abnormal</name>
		<pose>Unspecified</pose>
		<truncated>0</truncated>
		<difficult>0</difficult>
		<occluded>0</occluded>
		<bndbox>
			<xmin>807</xmin>
			<xmax>1041</xmax>
			<ymin>315</ymin>
			<ymax>547</ymax>
		</bndbox>
	</object>
</annotation>
