<annotation>
	<folder></folder>
	<filename>normal35_jpg.rf.0fb4a87297e56826f5322bb2b104437b.jpg</filename>
	<path>normal35_jpg.rf.0fb4a87297e56826f5322bb2b104437b.jpg</path>
	<source>
		<database>roboflow.com</database>
	</source>
	<size>
		<width>1920</width>
		<height>1080</height>
		<depth>3</depth>
	</size>
	<segmented>0</segmented>
	<object>
		<name>normal</name>
		<pose>Unspecified</pose>
		<truncated>0</truncated>
		<difficult>0</difficult>
		<occluded>0</occluded>
		<bndbox>
			<xmin>634</xmin>
			<xmax>859</xmax>
			<ymin>476</ymin>
			<ymax>694</ymax>
		</bndbox>
	</object>
</annotation>
