<annotation>
	<folder></folder>
	<filename>normal6_jpg.rf.a2e2f255744cd6614da9aeaa4cc6cc75.jpg</filename>
	<path>normal6_jpg.rf.a2e2f255744cd6614da9aeaa4cc6cc75.jpg</path>
	<source>
		<database>roboflow.com</database>
	</source>
	<size>
		<width>1920</width>
		<height>1080</height>
		<depth>3</depth>
	</size>
	<segmented>0</segmented>
	<object>
		<name>abnormal</name>
		<pose>Unspecified</pose>
		<truncated>0</truncated>
		<difficult>0</difficult>
		<occluded>0</occluded>
		<bndbox>
			<xmin>680</xmin>
			<xmax>938</xmax>
			<ymin>303</ymin>
			<ymax>579</ymax>
		</bndbox>
	</object>
</annotation>
