<annotation>
	<folder></folder>
	<filename>normal43_jpg.rf.abaeb56650d3cd6b247bf3734bd2d3a8.jpg</filename>
	<path>normal43_jpg.rf.abaeb56650d3cd6b247bf3734bd2d3a8.jpg</path>
	<source>
		<database>roboflow.com</database>
	</source>
	<size>
		<width>1920</width>
		<height>1080</height>
		<depth>3</depth>
	</size>
	<segmented>0</segmented>
	<object>
		<name>normal</name>
		<pose>Unspecified</pose>
		<truncated>0</truncated>
		<difficult>0</difficult>
		<occluded>0</occluded>
		<bndbox>
			<xmin>595</xmin>
			<xmax>837</xmax>
			<ymin>265</ymin>
			<ymax>490</ymax>
		</bndbox>
	</object>
</annotation>
