<annotation>
	<folder></folder>
	<filename>normal20_jpg.rf.a212f741b95206af113c5cf4da00dbb0.jpg</filename>
	<path>normal20_jpg.rf.a212f741b95206af113c5cf4da00dbb0.jpg</path>
	<source>
		<database>roboflow.com</database>
	</source>
	<size>
		<width>1920</width>
		<height>1080</height>
		<depth>3</depth>
	</size>
	<segmented>0</segmented>
	<object>
		<name>abnormal</name>
		<pose>Unspecified</pose>
		<truncated>0</truncated>
		<difficult>0</difficult>
		<occluded>0</occluded>
		<bndbox>
			<xmin>701</xmin>
			<xmax>930</xmax>
			<ymin>281</ymin>
			<ymax>527</ymax>
		</bndbox>
	</object>
</annotation>
