<annotation>
	<folder></folder>
	<filename>normal15_jpg.rf.332dd1be10084b30e39290b8bb597909.jpg</filename>
	<path>normal15_jpg.rf.332dd1be10084b30e39290b8bb597909.jpg</path>
	<source>
		<database>roboflow.com</database>
	</source>
	<size>
		<width>1920</width>
		<height>1080</height>
		<depth>3</depth>
	</size>
	<segmented>0</segmented>
	<object>
		<name>normal</name>
		<pose>Unspecified</pose>
		<truncated>0</truncated>
		<difficult>0</difficult>
		<occluded>0</occluded>
		<bndbox>
			<xmin>885</xmin>
			<xmax>1122</xmax>
			<ymin>346</ymin>
			<ymax>581</ymax>
		</bndbox>
	</object>
</annotation>
