<annotation>
	<folder></folder>
	<filename>normal18_jpg.rf.c1a7c201853841096cd43721152a1381.jpg</filename>
	<path>normal18_jpg.rf.c1a7c201853841096cd43721152a1381.jpg</path>
	<source>
		<database>roboflow.com</database>
	</source>
	<size>
		<width>1920</width>
		<height>1080</height>
		<depth>3</depth>
	</size>
	<segmented>0</segmented>
	<object>
		<name>normal</name>
		<pose>Unspecified</pose>
		<truncated>0</truncated>
		<difficult>0</difficult>
		<occluded>0</occluded>
		<bndbox>
			<xmin>777</xmin>
			<xmax>1020</xmax>
			<ymin>299</ymin>
			<ymax>541</ymax>
		</bndbox>
	</object>
</annotation>
