<annotation>
	<folder></folder>
	<filename>normal24_jpg.rf.a1e56ced1416a18c24fcd5bf967353b3.jpg</filename>
	<path>normal24_jpg.rf.a1e56ced1416a18c24fcd5bf967353b3.jpg</path>
	<source>
		<database>roboflow.com</database>
	</source>
	<size>
		<width>1920</width>
		<height>1080</height>
		<depth>3</depth>
	</size>
	<segmented>0</segmented>
	<object>
		<name>normal</name>
		<pose>Unspecified</pose>
		<truncated>0</truncated>
		<difficult>0</difficult>
		<occluded>0</occluded>
		<bndbox>
			<xmin>441</xmin>
			<xmax>684</xmax>
			<ymin>203</ymin>
			<ymax>440</ymax>
		</bndbox>
	</object>
</annotation>
