<annotation>
	<folder></folder>
	<filename>normal15_jpg.rf.2ffb8e00ba22a96e63ce1ac68566d401.jpg</filename>
	<path>normal15_jpg.rf.2ffb8e00ba22a96e63ce1ac68566d401.jpg</path>
	<source>
		<database>roboflow.com</database>
	</source>
	<size>
		<width>1920</width>
		<height>1080</height>
		<depth>3</depth>
	</size>
	<segmented>0</segmented>
	<object>
		<name>normal</name>
		<pose>Unspecified</pose>
		<truncated>0</truncated>
		<difficult>0</difficult>
		<occluded>0</occluded>
		<bndbox>
			<xmin>891</xmin>
			<xmax>1120</xmax>
			<ymin>351</ymin>
			<ymax>578</ymax>
		</bndbox>
	</object>
</annotation>
