<annotation>
	<folder></folder>
	<filename>normal31_jpg.rf.9fb02d5cfccb002541c12693615387f0.jpg</filename>
	<path>normal31_jpg.rf.9fb02d5cfccb002541c12693615387f0.jpg</path>
	<source>
		<database>roboflow.com</database>
	</source>
	<size>
		<width>1920</width>
		<height>1080</height>
		<depth>3</depth>
	</size>
	<segmented>0</segmented>
	<object>
		<name>normal</name>
		<pose>Unspecified</pose>
		<truncated>0</truncated>
		<difficult>0</difficult>
		<occluded>0</occluded>
		<bndbox>
			<xmin>1000</xmin>
			<xmax>1229</xmax>
			<ymin>658</ymin>
			<ymax>891</ymax>
		</bndbox>
	</object>
</annotation>
