<annotation>
	<folder></folder>
	<filename>normal7_jpg.rf.ecd4aee4643fd6d3f9a9cfbb660ba04b.jpg</filename>
	<path>normal7_jpg.rf.ecd4aee4643fd6d3f9a9cfbb660ba04b.jpg</path>
	<source>
		<database>roboflow.com</database>
	</source>
	<size>
		<width>1920</width>
		<height>1080</height>
		<depth>3</depth>
	</size>
	<segmented>0</segmented>
	<object>
		<name>normal</name>
		<pose>Unspecified</pose>
		<truncated>0</truncated>
		<difficult>0</difficult>
		<occluded>0</occluded>
		<bndbox>
			<xmin>855</xmin>
			<xmax>1088</xmax>
			<ymin>291</ymin>
			<ymax>537</ymax>
		</bndbox>
	</object>
</annotation>
