<annotation>
	<folder></folder>
	<filename>normal20_jpg.rf.1023babd7a8a5f2f8ff6b2215dd9512e.jpg</filename>
	<path>normal20_jpg.rf.1023babd7a8a5f2f8ff6b2215dd9512e.jpg</path>
	<source>
		<database>roboflow.com</database>
	</source>
	<size>
		<width>1920</width>
		<height>1080</height>
		<depth>3</depth>
	</size>
	<segmented>0</segmented>
	<object>
		<name>normal</name>
		<pose>Unspecified</pose>
		<truncated>0</truncated>
		<difficult>0</difficult>
		<occluded>0</occluded>
		<bndbox>
			<xmin>806</xmin>
			<xmax>1029</xmax>
			<ymin>333</ymin>
			<ymax>563</ymax>
		</bndbox>
	</object>
</annotation>
