<annotation>
	<folder></folder>
	<filename>normal40_jpg.rf.fc5727986cf894933dd2b9aa72c62889.jpg</filename>
	<path>normal40_jpg.rf.fc5727986cf894933dd2b9aa72c62889.jpg</path>
	<source>
		<database>roboflow.com</database>
	</source>
	<size>
		<width>1920</width>
		<height>1080</height>
		<depth>3</depth>
	</size>
	<segmented>0</segmented>
	<object>
		<name>normal</name>
		<pose>Unspecified</pose>
		<truncated>0</truncated>
		<difficult>0</difficult>
		<occluded>0</occluded>
		<bndbox>
			<xmin>1034</xmin>
			<xmax>1272</xmax>
			<ymin>304</ymin>
			<ymax>546</ymax>
		</bndbox>
	</object>
</annotation>
