<annotation>
	<folder></folder>
	<filename>normal13_jpg.rf.3758c68d53da3cee146728cbcfd0c62a.jpg</filename>
	<path>normal13_jpg.rf.3758c68d53da3cee146728cbcfd0c62a.jpg</path>
	<source>
		<database>roboflow.com</database>
	</source>
	<size>
		<width>1920</width>
		<height>1080</height>
		<depth>3</depth>
	</size>
	<segmented>0</segmented>
	<object>
		<name>abnormal</name>
		<pose>Unspecified</pose>
		<truncated>0</truncated>
		<difficult>0</difficult>
		<occluded>0</occluded>
		<bndbox>
			<xmin>746</xmin>
			<xmax>985</xmax>
			<ymin>314</ymin>
			<ymax>539</ymax>
		</bndbox>
	</object>
</annotation>
