<annotation>
	<folder></folder>
	<filename>normal17_jpg.rf.6e59e59433f46d29c1deb39639b8a71b.jpg</filename>
	<path>normal17_jpg.rf.6e59e59433f46d29c1deb39639b8a71b.jpg</path>
	<source>
		<database>roboflow.com</database>
	</source>
	<size>
		<width>1920</width>
		<height>1080</height>
		<depth>3</depth>
	</size>
	<segmented>0</segmented>
	<object>
		<name>abnormal</name>
		<pose>Unspecified</pose>
		<truncated>0</truncated>
		<difficult>0</difficult>
		<occluded>0</occluded>
		<bndbox>
			<xmin>689</xmin>
			<xmax>966</xmax>
			<ymin>217</ymin>
			<ymax>507</ymax>
		</bndbox>
	</object>
</annotation>
