<annotation>
	<folder></folder>
	<filename>normal20_jpg.rf.ba3989b349f48504995d9c4bc6d650b6.jpg</filename>
	<path>normal20_jpg.rf.ba3989b349f48504995d9c4bc6d650b6.jpg</path>
	<source>
		<database>roboflow.com</database>
	</source>
	<size>
		<width>1920</width>
		<height>1080</height>
		<depth>3</depth>
	</size>
	<segmented>0</segmented>
	<object>
		<name>abnormal</name>
		<pose>Unspecified</pose>
		<truncated>0</truncated>
		<difficult>0</difficult>
		<occluded>0</occluded>
		<bndbox>
			<xmin>992</xmin>
			<xmax>1221</xmax>
			<ymin>555</ymin>
			<ymax>801</ymax>
		</bndbox>
	</object>
</annotation>
