<annotation>
	<folder></folder>
	<filename>normal7_jpg.rf.d9143f5edb8e3fc5feb8c9647c83e158.jpg</filename>
	<path>normal7_jpg.rf.d9143f5edb8e3fc5feb8c9647c83e158.jpg</path>
	<source>
		<database>roboflow.com</database>
	</source>
	<size>
		<width>1920</width>
		<height>1080</height>
		<depth>3</depth>
	</size>
	<segmented>0</segmented>
	<object>
		<name>abnormal</name>
		<pose>Unspecified</pose>
		<truncated>0</truncated>
		<difficult>0</difficult>
		<occluded>0</occluded>
		<bndbox>
			<xmin>662</xmin>
			<xmax>923</xmax>
			<ymin>257</ymin>
			<ymax>516</ymax>
		</bndbox>
	</object>
</annotation>
