<annotation>
	<folder></folder>
	<filename>normal6_jpg.rf.64ebd3dddf073cb1f7e4c5589fc106df.jpg</filename>
	<path>normal6_jpg.rf.64ebd3dddf073cb1f7e4c5589fc106df.jpg</path>
	<source>
		<database>roboflow.com</database>
	</source>
	<size>
		<width>1920</width>
		<height>1080</height>
		<depth>3</depth>
	</size>
	<segmented>0</segmented>
	<object>
		<name>abnormal</name>
		<pose>Unspecified</pose>
		<truncated>0</truncated>
		<difficult>0</difficult>
		<occluded>0</occluded>
		<bndbox>
			<xmin>677</xmin>
			<xmax>927</xmax>
			<ymin>318</ymin>
			<ymax>586</ymax>
		</bndbox>
	</object>
</annotation>
