<annotation>
	<folder></folder>
	<filename>normal3_jpg.rf.84aec8302c2b21449040698530955775.jpg</filename>
	<path>normal3_jpg.rf.84aec8302c2b21449040698530955775.jpg</path>
	<source>
		<database>roboflow.com</database>
	</source>
	<size>
		<width>1920</width>
		<height>1080</height>
		<depth>3</depth>
	</size>
	<segmented>0</segmented>
	<object>
		<name>abnormal</name>
		<pose>Unspecified</pose>
		<truncated>0</truncated>
		<difficult>0</difficult>
		<occluded>0</occluded>
		<bndbox>
			<xmin>790</xmin>
			<xmax>1064</xmax>
			<ymin>121</ymin>
			<ymax>365</ymax>
		</bndbox>
	</object>
</annotation>
