<annotation>
	<folder></folder>
	<filename>normal11_jpg.rf.863d96ea4f201abaefda07b997a8f763.jpg</filename>
	<path>normal11_jpg.rf.863d96ea4f201abaefda07b997a8f763.jpg</path>
	<source>
		<database>roboflow.com</database>
	</source>
	<size>
		<width>1920</width>
		<height>1080</height>
		<depth>3</depth>
	</size>
	<segmented>0</segmented>
	<object>
		<name>abnormal</name>
		<pose>Unspecified</pose>
		<truncated>0</truncated>
		<difficult>0</difficult>
		<occluded>0</occluded>
		<bndbox>
			<xmin>726</xmin>
			<xmax>959</xmax>
			<ymin>457</ymin>
			<ymax>688</ymax>
		</bndbox>
	</object>
</annotation>
