<annotation>
	<folder></folder>
	<filename>normal7_jpg.rf.9891bb650f6752aab957b4e704e5726f.jpg</filename>
	<path>normal7_jpg.rf.9891bb650f6752aab957b4e704e5726f.jpg</path>
	<source>
		<database>roboflow.com</database>
	</source>
	<size>
		<width>1920</width>
		<height>1080</height>
		<depth>3</depth>
	</size>
	<segmented>0</segmented>
	<object>
		<name>normal</name>
		<pose>Unspecified</pose>
		<truncated>0</truncated>
		<difficult>0</difficult>
		<occluded>0</occluded>
		<bndbox>
			<xmin>875</xmin>
			<xmax>1090</xmax>
			<ymin>300</ymin>
			<ymax>530</ymax>
		</bndbox>
	</object>
</annotation>
