<annotation>
	<folder></folder>
	<filename>normal23_jpg.rf.7fe070a3a1d2a9f623b4829151dcd764.jpg</filename>
	<path>normal23_jpg.rf.7fe070a3a1d2a9f623b4829151dcd764.jpg</path>
	<source>
		<database>roboflow.com</database>
	</source>
	<size>
		<width>1920</width>
		<height>1080</height>
		<depth>3</depth>
	</size>
	<segmented>0</segmented>
	<object>
		<name>normal</name>
		<pose>Unspecified</pose>
		<truncated>0</truncated>
		<difficult>0</difficult>
		<occluded>0</occluded>
		<bndbox>
			<xmin>1028</xmin>
			<xmax>1300</xmax>
			<ymin>366</ymin>
			<ymax>622</ymax>
		</bndbox>
	</object>
</annotation>
