<annotation>
	<folder></folder>
	<filename>normal11_jpg.rf.4bb93b82c3a6c5c6f3ba9539f0a2bf0f.jpg</filename>
	<path>normal11_jpg.rf.4bb93b82c3a6c5c6f3ba9539f0a2bf0f.jpg</path>
	<source>
		<database>roboflow.com</database>
	</source>
	<size>
		<width>1920</width>
		<height>1080</height>
		<depth>3</depth>
	</size>
	<segmented>0</segmented>
	<object>
		<name>abnormal</name>
		<pose>Unspecified</pose>
		<truncated>0</truncated>
		<difficult>0</difficult>
		<occluded>0</occluded>
		<bndbox>
			<xmin>726</xmin>
			<xmax>959</xmax>
			<ymin>394</ymin>
			<ymax>625</ymax>
		</bndbox>
	</object>
</annotation>
