<annotation>
	<folder></folder>
	<filename>normal11_jpg.rf.31f5cce804c17ad11bd9c51f86dddb45.jpg</filename>
	<path>normal11_jpg.rf.31f5cce804c17ad11bd9c51f86dddb45.jpg</path>
	<source>
		<database>roboflow.com</database>
	</source>
	<size>
		<width>1920</width>
		<height>1080</height>
		<depth>3</depth>
	</size>
	<segmented>0</segmented>
	<object>
		<name>abnormal</name>
		<pose>Unspecified</pose>
		<truncated>0</truncated>
		<difficult>0</difficult>
		<occluded>0</occluded>
		<bndbox>
			<xmin>724</xmin>
			<xmax>965</xmax>
			<ymin>386</ymin>
			<ymax>625</ymax>
		</bndbox>
	</object>
</annotation>
