<annotation>
	<folder></folder>
	<filename>normal22_jpg.rf.dde109d082071394d16938e8d4545219.jpg</filename>
	<path>normal22_jpg.rf.dde109d082071394d16938e8d4545219.jpg</path>
	<source>
		<database>roboflow.com</database>
	</source>
	<size>
		<width>1920</width>
		<height>1080</height>
		<depth>3</depth>
	</size>
	<segmented>0</segmented>
	<object>
		<name>normal</name>
		<pose>Unspecified</pose>
		<truncated>0</truncated>
		<difficult>0</difficult>
		<occluded>0</occluded>
		<bndbox>
			<xmin>949</xmin>
			<xmax>1191</xmax>
			<ymin>291</ymin>
			<ymax>525</ymax>
		</bndbox>
	</object>
</annotation>
