<annotation>
	<folder></folder>
	<filename>normal4_jpg.rf.74cf44641444990c77ca484a99e6d8d8.jpg</filename>
	<path>normal4_jpg.rf.74cf44641444990c77ca484a99e6d8d8.jpg</path>
	<source>
		<database>roboflow.com</database>
	</source>
	<size>
		<width>1920</width>
		<height>1080</height>
		<depth>3</depth>
	</size>
	<segmented>0</segmented>
	<object>
		<name>abnormal</name>
		<pose>Unspecified</pose>
		<truncated>0</truncated>
		<difficult>0</difficult>
		<occluded>0</occluded>
		<bndbox>
			<xmin>773</xmin>
			<xmax>1020</xmax>
			<ymin>300</ymin>
			<ymax>538</ymax>
		</bndbox>
	</object>
</annotation>
