<annotation>
	<folder></folder>
	<filename>normal27_jpg.rf.64ebe88edb659880ef7c1b15fe07a96e.jpg</filename>
	<path>normal27_jpg.rf.64ebe88edb659880ef7c1b15fe07a96e.jpg</path>
	<source>
		<database>roboflow.com</database>
	</source>
	<size>
		<width>1920</width>
		<height>1080</height>
		<depth>3</depth>
	</size>
	<segmented>0</segmented>
	<object>
		<name>abnormal</name>
		<pose>Unspecified</pose>
		<truncated>0</truncated>
		<difficult>0</difficult>
		<occluded>0</occluded>
		<bndbox>
			<xmin>741</xmin>
			<xmax>973</xmax>
			<ymin>341</ymin>
			<ymax>573</ymax>
		</bndbox>
	</object>
</annotation>
