<annotation>
	<folder></folder>
	<filename>normal11_jpg.rf.04128825add6cb77914b13b7c5be255c.jpg</filename>
	<path>normal11_jpg.rf.04128825add6cb77914b13b7c5be255c.jpg</path>
	<source>
		<database>roboflow.com</database>
	</source>
	<size>
		<width>1920</width>
		<height>1080</height>
		<depth>3</depth>
	</size>
	<segmented>0</segmented>
	<object>
		<name>abnormal</name>
		<pose>Unspecified</pose>
		<truncated>0</truncated>
		<difficult>0</difficult>
		<occluded>0</occluded>
		<bndbox>
			<xmin>699</xmin>
			<xmax>978</xmax>
			<ymin>399</ymin>
			<ymax>676</ymax>
		</bndbox>
	</object>
</annotation>
