<annotation>
	<folder></folder>
	<filename>normal15_jpg.rf.f4d55749b27eafc5be53706623084b7f.jpg</filename>
	<path>normal15_jpg.rf.f4d55749b27eafc5be53706623084b7f.jpg</path>
	<source>
		<database>roboflow.com</database>
	</source>
	<size>
		<width>1920</width>
		<height>1080</height>
		<depth>3</depth>
	</size>
	<segmented>0</segmented>
	<object>
		<name>abnormal</name>
		<pose>Unspecified</pose>
		<truncated>0</truncated>
		<difficult>0</difficult>
		<occluded>0</occluded>
		<bndbox>
			<xmin>905</xmin>
			<xmax>1196</xmax>
			<ymin>263</ymin>
			<ymax>488</ymax>
		</bndbox>
	</object>
</annotation>
