<annotation>
	<folder></folder>
	<filename>normal27_jpg.rf.4268968c88429085dc939cca97f34996.jpg</filename>
	<path>normal27_jpg.rf.4268968c88429085dc939cca97f34996.jpg</path>
	<source>
		<database>roboflow.com</database>
	</source>
	<size>
		<width>1920</width>
		<height>1080</height>
		<depth>3</depth>
	</size>
	<segmented>0</segmented>
	<object>
		<name>normal</name>
		<pose>Unspecified</pose>
		<truncated>0</truncated>
		<difficult>0</difficult>
		<occluded>0</occluded>
		<bndbox>
			<xmin>1014</xmin>
			<xmax>1278</xmax>
			<ymin>265</ymin>
			<ymax>526</ymax>
		</bndbox>
	</object>
</annotation>
