<annotation>
	<folder></folder>
	<filename>normal11_jpg.rf.02cacc807ebfb75796d8d5e0e978ab4d.jpg</filename>
	<path>normal11_jpg.rf.02cacc807ebfb75796d8d5e0e978ab4d.jpg</path>
	<source>
		<database>roboflow.com</database>
	</source>
	<size>
		<width>1920</width>
		<height>1080</height>
		<depth>3</depth>
	</size>
	<segmented>0</segmented>
	<object>
		<name>normal</name>
		<pose>Unspecified</pose>
		<truncated>0</truncated>
		<difficult>0</difficult>
		<occluded>0</occluded>
		<bndbox>
			<xmin>694</xmin>
			<xmax>943</xmax>
			<ymin>323</ymin>
			<ymax>555</ymax>
		</bndbox>
	</object>
</annotation>
