<annotation>
	<folder></folder>
	<filename>normal2_jpg.rf.c68aad0d432a47fb4852dc22e3fcad62.jpg</filename>
	<path>normal2_jpg.rf.c68aad0d432a47fb4852dc22e3fcad62.jpg</path>
	<source>
		<database>roboflow.com</database>
	</source>
	<size>
		<width>1920</width>
		<height>1080</height>
		<depth>3</depth>
	</size>
	<segmented>0</segmented>
	<object>
		<name>normal</name>
		<pose>Unspecified</pose>
		<truncated>0</truncated>
		<difficult>0</difficult>
		<occluded>0</occluded>
		<bndbox>
			<xmin>462</xmin>
			<xmax>707</xmax>
			<ymin>386</ymin>
			<ymax>599</ymax>
		</bndbox>
	</object>
</annotation>
