<annotation>
	<folder></folder>
	<filename>normal27_jpg.rf.cd3a5f4445c0cb40cbb71f991a5bd2aa.jpg</filename>
	<path>normal27_jpg.rf.cd3a5f4445c0cb40cbb71f991a5bd2aa.jpg</path>
	<source>
		<database>roboflow.com</database>
	</source>
	<size>
		<width>1920</width>
		<height>1080</height>
		<depth>3</depth>
	</size>
	<segmented>0</segmented>
	<object>
		<name>normal</name>
		<pose>Unspecified</pose>
		<truncated>0</truncated>
		<difficult>0</difficult>
		<occluded>0</occluded>
		<bndbox>
			<xmin>1010</xmin>
			<xmax>1261</xmax>
			<ymin>259</ymin>
			<ymax>507</ymax>
		</bndbox>
	</object>
</annotation>
