<annotation>
	<folder></folder>
	<filename>normal19_jpg.rf.61f9075a4dc11a33191c515247e95920.jpg</filename>
	<path>normal19_jpg.rf.61f9075a4dc11a33191c515247e95920.jpg</path>
	<source>
		<database>roboflow.com</database>
	</source>
	<size>
		<width>1920</width>
		<height>1080</height>
		<depth>3</depth>
	</size>
	<segmented>0</segmented>
	<object>
		<name>normal</name>
		<pose>Unspecified</pose>
		<truncated>0</truncated>
		<difficult>0</difficult>
		<occluded>0</occluded>
		<bndbox>
			<xmin>864</xmin>
			<xmax>1068</xmax>
			<ymin>199</ymin>
			<ymax>425</ymax>
		</bndbox>
	</object>
</annotation>
