<annotation>
	<folder></folder>
	<filename>normal6_jpg.rf.f528d8bcf2d1d399e2f9a4d745934e92.jpg</filename>
	<path>normal6_jpg.rf.f528d8bcf2d1d399e2f9a4d745934e92.jpg</path>
	<source>
		<database>roboflow.com</database>
	</source>
	<size>
		<width>1920</width>
		<height>1080</height>
		<depth>3</depth>
	</size>
	<segmented>0</segmented>
	<object>
		<name>abnormal</name>
		<pose>Unspecified</pose>
		<truncated>0</truncated>
		<difficult>0</difficult>
		<occluded>0</occluded>
		<bndbox>
			<xmin>680</xmin>
			<xmax>930</xmax>
			<ymin>313</ymin>
			<ymax>581</ymax>
		</bndbox>
	</object>
</annotation>
