<annotation>
	<folder></folder>
	<filename>normal21_jpg.rf.d1f8779dc98010acd3f08f043b684e4d.jpg</filename>
	<path>normal21_jpg.rf.d1f8779dc98010acd3f08f043b684e4d.jpg</path>
	<source>
		<database>roboflow.com</database>
	</source>
	<size>
		<width>1920</width>
		<height>1080</height>
		<depth>3</depth>
	</size>
	<segmented>0</segmented>
	<object>
		<name>abnormal</name>
		<pose>Unspecified</pose>
		<truncated>0</truncated>
		<difficult>0</difficult>
		<occluded>0</occluded>
		<bndbox>
			<xmin>689</xmin>
			<xmax>930</xmax>
			<ymin>317</ymin>
			<ymax>545</ymax>
		</bndbox>
	</object>
</annotation>
