<annotation>
	<folder></folder>
	<filename>normal26_jpg.rf.4d38b089ad78e0e79decdc79a351c77f.jpg</filename>
	<path>normal26_jpg.rf.4d38b089ad78e0e79decdc79a351c77f.jpg</path>
	<source>
		<database>roboflow.com</database>
	</source>
	<size>
		<width>1920</width>
		<height>1080</height>
		<depth>3</depth>
	</size>
	<segmented>0</segmented>
	<object>
		<name>abnormal</name>
		<pose>Unspecified</pose>
		<truncated>0</truncated>
		<difficult>0</difficult>
		<occluded>0</occluded>
		<bndbox>
			<xmin>718</xmin>
			<xmax>942</xmax>
			<ymin>331</ymin>
			<ymax>563</ymax>
		</bndbox>
	</object>
</annotation>
